Workbook

Sheet Mastersheet
A1: WSUC_ID | B1: WSUC_Name | C1: Province | D1: District | E1: Municipality_Type | F1: Municipality_Name | G1: Wards_Covered | H1: Latitude | I1: Longitude | J1: Join_Key | K1: Business_Plan | L1: HH_Served | M1: Total_HH | N1: Coverage_Pct | O1: Coverage_Score | P1: Scheme_Type | Q1: Billed_Volume | R1: Population_Served | S1: Actual_LPCD | T1: Target_LPCD | U1: Adequacy_Score | V1: WQ_Testing | W1: WQ_EColi | X1: WQ_Arsenic | Y1: WQ_Score | Z1: Hours_of_Supply | AA1: Reliability_Score | AB1: NRW_Logbook | AC1: NRW_Flow_Measurement | AD1: NRW_Reservoir_Scale | AE1: NRW_Flow_Meters | AF1: NRW_DMA | AG1: NRW_Score | AH1: Expenditure | AI1: Income | AJ1: Operating_Ratio | AK1: OM_Score | AL1: Metered_Connections | AM1: Total_Connections | AN1: Metering_Pct | AO1: Metering_Score | AP1: Grievance_Logbook | AQ1: Grievance_Mechanism | AR1: Grievance_Score | AS1: SPI_Pct | AT1: OEI_Pct | AU1: Category_Number | AV1: Category_Level
A2: =Spatial!A2 -> 1 | B2: =Spatial!B2 -> Lubhu_WSUC | C2: =Spatial!C2 -> Bagmati | D2: =Spatial!D2 -> Lalitpur District, Nepal | E2: =Spatial!E2 -> Municipality | F2: =Spatial!F2 -> Mahalaxmi | G2: =IFERROR(Spatial!G2,"") -> 0 | H2: 27.6231 | I2: 85.3814 | J2: =F2&"_"&D2 -> Mahalaxmi_Lalitpur District, Nepal | K2: =IFERROR(IF(VLOOKUP(A2,'Service Coverage'!$A:$C,3,0)="","",VLOOKUP(A2,'Service Coverage'!$A:$C,3,0)),"") -> Yes | L2: =IFERROR(IF(VLOOKUP(A2,'Service Coverage'!$A:$D,4,0)="","",VLOOKUP(A2,'Service Coverage'!$A:$D,4,0)),"") -> 2065 | M2: =IFERROR(IF(VLOOKUP(A2,'Service Coverage'!$A:$E,5,0)="","",VLOOKUP(A2,'Service Coverage'!$A:$E,5,0)),"") | N2: =IFERROR(IF(VLOOKUP(A2,'Service Coverage'!$A:$F,6,0)="","",VLOOKUP(A2,'Service Coverage'!$A:$F,6,0)),"") | O2: =IFERROR(IF(VLOOKUP(A2,'Service Coverage'!$A:$G,7,0)="","",VLOOKUP(A2,'Service Coverage'!$A:$G,7,0)),"") | P2: =IFERROR(IF(VLOOKUP(A2,Adequacy!$A:$C,3,0)="","",VLOOKUP(A2,Adequacy!$A:$C,3,0)),"") | Q2: =IFERROR(IF(VLOOKUP(A2,Adequacy!$A:$D,4,0)="","",VLOOKUP(A2,Adequacy!$A:$D,4,0)),"") -> 1500 | R2: =IFERROR(IF(VLOOKUP(A2,Adequacy!$A:$E,5,0)="","",VLOOKUP(A2,Adequacy!$A:$E,5,0)),"") | S2: =IFERROR(IF(VLOOKUP(A2,Adequacy!$A:$G,7,0)="","",VLOOKUP(A2,Adequacy!$A:$G,7,0)),"") | T2: =IFERROR(IF(VLOOKUP(A2,Adequacy!$A:$H,8,0)="","",VLOOKUP(A2,Adequacy!$A:$H,8,0)),"") | U2: =IFERROR(IF(VLOOKUP(A2,Adequacy!$A:$J,10,0)="","",VLOOKUP(A2,Adequacy!$A:$J,10,0)),"") | V2: =IFERROR(IF(VLOOKUP(A2,'Water Quality Score'!$A:$C,3,0)="","",VLOOKUP(A2,'Water Quality Score'!$A:$C,3,0)),"") -> yes | W2: =IFERROR(IF(VLOOKUP(A2,'Water Quality Score'!$A:$D,4,0)="","",VLOOKUP(A2,'Water Quality Score'!$A:$D,4,0)),"") | X2: =IFERROR(IF(VLOOKUP(A2,'Water Quality Score'!$A:$E,5,0)="","",VLOOKUP(A2,'Water Quality Score'!$A:$E,5,0)),"") | Y2: =IFERROR(IF(VLOOKUP(A2,'Water Quality Score'!$A:$F,6,0)="","",VLOOKUP(A2,'Water Quality Score'!$A:$F,6,0)),"") -> 0.2 | Z2: =IFERROR(IF(VLOOKUP(A2,'Reliability score'!$A:$C,3,0)="","",VLOOKUP(A2,'Reliability score'!$A:$C,3,0)),"") -> 24 | AA2: =IFERROR(IF(VLOOKUP(A2,'Reliability score'!$A:$D,4,0)="","",VLOOKUP(A2,'Reliability score'!$A:$D,4,0)),"") -> 1 | AB2: =IFERROR(IF(VLOOKUP(A2,NRW!$A:$C,3,0)="","",VLOOKUP(A2,NRW!$A:$C,3,0)),"") | AC2: =IFERROR(IF(VLOOKUP(A2,NRW!$A:$D,4,0)="","",VLOOKUP(A2,NRW!$A:$D,4,0)),"") | AD2: =IFERROR(IF(VLOOKUP(A2,NRW!$A:$E,5,0)="","",VLOOKUP(A2,NRW!$A:$E,5,0)),"") | AE2: =IFERROR(IF(VLOOKUP(A2,NRW!$A:$F,6,0)="","",VLOOKUP(A2,NRW!$A:$F,6,0)),"") | AF2: =IFERROR(IF(VLOOKUP(A2,NRW!$A:$G,7,0)="","",VLOOKUP(A2,NRW!$A:$G,7,0)),"") | AG2: =IFERROR(IF(OR(VLOOKUP(A2,NRW!$A:$H,8,0)="",VLOOKUP(A2,NRW!$A:$H,8,0)=0),"",VLOOKUP(A2,NRW!$A:$H,8,0)),"") | AH2: =IFERROR(IF(VLOOKUP(A2,'O&M score'!$A:$D,4,0)="","",VLOOKUP(A2,'O&M score'!$A:$D,4,0)),"") -> 16234344 | AI2: =IFERROR(IF(VLOOKUP(A2,'O&M score'!$A:$E,5,0)="","",VLOOKUP(A2,'O&M score'!$A:$E,5,0)),"") -> 17077043 | AJ2: =IFERROR(IF(VLOOKUP(A2,'O&M score'!$A:$F,6,0)="","",VLOOKUP(A2,'O&M score'!$A:$F,6,0)),"") -> 0.95065311 | AK2: =IFERROR(IF(VLOOKUP(A2,'O&M score'!$A:$G,7,0)="","",VLOOKUP(A2,'O&M score'!$A:$G,7,0)),"") -> 0.49869378 | AL2: =IFERROR(IF(VLOOKUP(A2,'Metering Ratio Score'!$A:$C,3,0)="","",VLOOKUP(A2,'Metering Ratio Score'!$A:$C,3,0)),"") -> 2065 | AM2: =IFERROR(IF(VLOOKUP(A2,'Metering Ratio Score'!$A:$D,4,0)="","",VLOOKUP(A2,'Metering Ratio Score'!$A:$D,4,0)),"") | AN2: =IFERROR(IF(VLOOKUP(A2,'Metering Ratio Score'!$A:$E,5,0)="","",VLOOKUP(A2,'Metering Ratio Score'!$A:$E,5,0)),"") | AO2: =IFERROR(IF(VLOOKUP(A2,'Metering Ratio Score'!$A:$F,6,0)="","",VLOOKUP(A2,'Metering Ratio Score'!$A:$F,6,0)),"") | AP2: =IFERROR(IF(VLOOKUP(A2,'Grievance Addressal'!$A:$C,3,0)="","",VLOOKUP(A2,'Grievance Addressal'!$A:$C,3,0)),"") | AQ2: =IFERROR(IF(VLOOKUP(A2,'Grievance Addressal'!$A:$D,4,0)="","",VLOOKUP(A2,'Grievance Addressal'!$A:$D,4,0)),"") -> yes | AR2: =IFERROR(IF(VLOOKUP(A2,'Grievance Addressal'!$A:$E,5,0)="","",VLOOKUP(A2,'Grievance Addressal'!$A:$E,5,0)),"") | AS2: =IFERROR(IF(VLOOKUP(A2,Summary_Index!$A$5:$N$281,7,0)="","",VLOOKUP(A2,Summary_Index!$A$5:$N$281,7,0)),"") | AT2: =IFERROR(IF(VLOOKUP(A2,Summary_Index!$A$5:$N$281,12,0)="","",VLOOKUP(A2,Summary_Index!$A$5:$N$281,12,0)),"") | AU2: =IFERROR(IF(VLOOKUP(A2,Summary_Index!$A$5:$N$281,13,0)="","",VLOOKUP(A2,Summary_Index!$A$5:$N$281,13,0)),"") | AV2: =IFERROR(IF(VLOOKUP(A2,Summary_Index!$A$5:$N$281,14,0)="","",VLOOKUP(A2,Summary_Index!$A$5:$N$281,14,0)),"")
A3: =Spatial!A3 -> 2 | B3: =Spatial!B3 -> Shivalaya_WSUC | C3: =Spatial!C3 -> Gandaki | D3: =Spatial!D3 -> Parbat District | E3: =Spatial!E3 -> Municipality | F3: =Spatial!F3 -> Kusma | G3: =IFERROR(Spatial!G3,"") -> 4,5,6,7 | H3: 28.1735 | I3: 83.9847 | J3: =F3&"_"&D3 -> Kusma_Parbat District | K3: =IFERROR(IF(VLOOKUP(A3,'Service Coverage'!$A:$C,3,0)="","",VLOOKUP(A3,'Service Coverage'!$A:$C,3,0)),"") -> No | L3: =IFERROR(IF(VLOOKUP(A3,'Service Coverage'!$A:$D,4,0)="","",VLOOKUP(A3,'Service Coverage'!$A:$D,4,0)),"") -> 2700 | M3: =IFERROR(IF(VLOOKUP(A3,'Service Coverage'!$A:$E,5,0)="","",VLOOKUP(A3,'Service Coverage'!$A:$E,5,0)),"") -> 4500 | N3: =IFERROR(IF(VLOOKUP(A3,'Service Coverage'!$A:$F,6,0)="","",VLOOKUP(A3,'Service Coverage'!$A:$F,6,0)),"") -> 60 | O3: =IFERROR(IF(VLOOKUP(A3,'Service Coverage'!$A:$G,7,0)="","",VLOOKUP(A3,'Service Coverage'!$A:$G,7,0)),"") -> 0 | P3: =IFERROR(IF(VLOOKUP(A3,Adequacy!$A:$C,3,0)="","",VLOOKUP(A3,Adequacy!$A:$C,3,0)),"") -> Gravity | Q3: =IFERROR(IF(VLOOKUP(A3,Adequacy!$A:$D,4,0)="","",VLOOKUP(A3,Adequacy!$A:$D,4,0)),"") -> 2055 | R3: =IFERROR(IF(VLOOKUP(A3,Adequacy!$A:$E,5,0)="","",VLOOKUP(A3,Adequacy!$A:$E,5,0)),"") -> 15000 | S3: =IFERROR(IF(VLOOKUP(A3,Adequacy!$A:$G,7,0)="","",VLOOKUP(A3,Adequacy!$A:$G,7,0)),"") -> 4.5666667 | T3: =IFERROR(IF(VLOOKUP(A3,Adequacy!$A:$H,8,0)="","",VLOOKUP(A3,Adequacy!$A:$H,8,0)),"") -> 120 | U3: =IFERROR(IF(VLOOKUP(A3,Adequacy!$A:$J,10,0)="","",VLOOKUP(A3,Adequacy!$A:$J,10,0)),"") -> 0 | V3: =IFERROR(IF(VLOOKUP(A3,'Water Quality Score'!$A:$C,3,0)="","",VLOOKUP(A3,'Water Quality Score'!$A:$C,3,0)),"") -> yes | W3: =IFERROR(IF(VLOOKUP(A3,'Water Quality Score'!$A:$D,4,0)="","",VLOOKUP(A3,'Water Quality Score'!$A:$D,4,0)),"") -> Yes | X3: =IFERROR(IF(VLOOKUP(A3,'Water Quality Score'!$A:$E,5,0)="","",VLOOKUP(A3,'Water Quality Score'!$A:$E,5,0)),"") -> Yes | Y3: =IFERROR(IF(VLOOKUP(A3,'Water Quality Score'!$A:$F,6,0)="","",VLOOKUP(A3,'Water Quality Score'!$A:$F,6,0)),"") -> 1 | Z3: =IFERROR(IF(VLOOKUP(A3,'Reliability score'!$A:$C,3,0)="","",VLOOKUP(A3,'Reliability score'!$A:$C,3,0)),"") -> 4 | AA3: =IFERROR(IF(VLOOKUP(A3,'Reliability score'!$A:$D,4,0)="","",VLOOKUP(A3,'Reliability score'!$A:$D,4,0)),"") -> 0.52380952 | AB3: =IFERROR(IF(VLOOKUP(A3,NRW!$A:$C,3,0)="","",VLOOKUP(A3,NRW!$A:$C,3,0)),"") -> No | AC3: =IFERROR(IF(VLOOKUP(A3,NRW!$A:$D,4,0)="","",VLOOKUP(A3,NRW!$A:$D,4,0)),"") -> Yes | AD3: =IFERROR(IF(VLOOKUP(A3,NRW!$A:$E,5,0)="","",VLOOKUP(A3,NRW!$A:$E,5,0)),"") -> Yes | AE3: =IFERROR(IF(VLOOKUP(A3,NRW!$A:$F,6,0)="","",VLOOKUP(A3,NRW!$A:$F,6,0)),"") -> No | AF3: =IFERROR(IF(VLOOKUP(A3,NRW!$A:$G,7,0)="","",VLOOKUP(A3,NRW!$A:$G,7,0)),"") -> Yes | AG3: =IFERROR(IF(OR(VLOOKUP(A3,NRW!$A:$H,8,0)="",VLOOKUP(A3,NRW!$A:$H,8,0)=0),"",VLOOKUP(A3,NRW!$A:$H,8,0)),"") | AH3: =IFERROR(IF(VLOOKUP(A3,'O&M score'!$A:$D,4,0)="","",VLOOKUP(A3,'O&M score'!$A:$D,4,0)),"") -> 13727893 | AI3: =IFERROR(IF(VLOOKUP(A3,'O&M score'!$A:$E,5,0)="","",VLOOKUP(A3,'O&M score'!$A:$E,5,0)),"") -> 20770712 | AJ3: =IFERROR(IF(VLOOKUP(A3,'O&M score'!$A:$F,6,0)="","",VLOOKUP(A3,'O&M score'!$A:$F,6,0)),"") -> 0.66092549 | AK3: =IFERROR(IF(VLOOKUP(A3,'O&M score'!$A:$G,7,0)="","",VLOOKUP(A3,'O&M score'!$A:$G,7,0)),"") -> 1 | AL3: =IFERROR(IF(VLOOKUP(A3,'Metering Ratio Score'!$A:$C,3,0)="","",VLOOKUP(A3,'Metering Ratio Score'!$A:$C,3,0)),"") -> 2700 | AM3: =IFERROR(IF(VLOOKUP(A3,'Metering Ratio Score'!$A:$D,4,0)="","",VLOOKUP(A3,'Metering Ratio Score'!$A:$D,4,0)),"") -> 2750 | AN3: =IFERROR(IF(VLOOKUP(A3,'Metering Ratio Score'!$A:$E,5,0)="","",VLOOKUP(A3,'Metering Ratio Score'!$A:$E,5,0)),"") -> 98.181818 | AO3: =IFERROR(IF(VLOOKUP(A3,'Metering Ratio Score'!$A:$F,6,0)="","",VLOOKUP(A3,'Metering Ratio Score'!$A:$F,6,0)),"") -> 0.95454545 | AP3: =IFERROR(IF(VLOOKUP(A3,'Grievance Addressal'!$A:$C,3,0)="","",VLOOKUP(A3,'Grievance Addressal'!$A:$C,3,0)),"") -> No | AQ3: =IFERROR(IF(VLOOKUP(A3,'Grievance Addressal'!$A:$D,4,0)="","",VLOOKUP(A3,'Grievance Addressal'!$A:$D,4,0)),"") -> yes | AR3: =IFERROR(IF(VLOOKUP(A3,'Grievance Addressal'!$A:$E,5,0)="","",VLOOKUP(A3,'Grievance Addressal'!$A:$E,5,0)),"") -> 0 | AS3: =IFERROR(IF(VLOOKUP(A3,Summary_Index!$A$5:$N$281,7,0)="","",VLOOKUP(A3,Summary_Index!$A$5:$N$281,7,0)),"") -> 45.5 | AT3: =IFERROR(IF(VLOOKUP(A3,Summary_Index!$A$5:$N$281,12,0)="","",VLOOKUP(A3,Summary_Index!$A$5:$N$281,12,0)),"") -> 44.1 | AU3: =IFERROR(IF(VLOOKUP(A3,Summary_Index!$A$5:$N$281,13,0)="","",VLOOKUP(A3,Summary_Index!$A$5:$N$281,13,0)),"") -> 8 | AV3: =IFERROR(IF(VLOOKUP(A3,Summary_Index!$A$5:$N$281,14,0)="","",VLOOKUP(A3,Summary_Index!$A$5:$N$281,14,0)),"") -> 8. Poor — Functioning Level
A4: =Spatial!A4 -> 3 | B4: =Spatial!B4 -> Ratnanagar_WSUC | C4: =Spatial!C4 -> Bagmati | D4: =Spatial!D4 -> Chitwan District | E4: =Spatial!E4 -> Municipality | F4: =Spatial!F4 -> Ratnanagar | G4: =IFERROR(Spatial!G4,"") -> 1 ,2,3,4,5,6,7,8,9,10,11,12,13 | H4: 27.6092 | I4: 84.3444 | J4: =F4&"_"&D4 -> Ratnanagar_Chitwan District | K4: =IFERROR(IF(VLOOKUP(A4,'Service Coverage'!$A:$C,3,0)="","",VLOOKUP(A4,'Service Coverage'!$A:$C,3,0)),"") -> No | L4: =IFERROR(IF(VLOOKUP(A4,'Service Coverage'!$A:$D,4,0)="","",VLOOKUP(A4,'Service Coverage'!$A:$D,4,0)),"") -> 18000 | M4: =IFERROR(IF(VLOOKUP(A4,'Service Coverage'!$A:$E,5,0)="","",VLOOKUP(A4,'Service Coverage'!$A:$E,5,0)),"") | N4: =IFERROR(IF(VLOOKUP(A4,'Service Coverage'!$A:$F,6,0)="","",VLOOKUP(A4,'Service Coverage'!$A:$F,6,0)),"") | O4: =IFERROR(IF(VLOOKUP(A4,'Service Coverage'!$A:$G,7,0)="","",VLOOKUP(A4,'Service Coverage'!$A:$G,7,0)),"") | P4: =IFERROR(IF(VLOOKUP(A4,Adequacy!$A:$C,3,0)="","",VLOOKUP(A4,Adequacy!$A:$C,3,0)),"") | Q4: =IFERROR(IF(VLOOKUP(A4,Adequacy!$A:$D,4,0)="","",VLOOKUP(A4,Adequacy!$A:$D,4,0)),"") -> 12500 | R4: =IFERROR(IF(VLOOKUP(A4,Adequacy!$A:$E,5,0)="","",VLOOKUP(A4,Adequacy!$A:$E,5,0)),"") -> 90000 | S4: =IFERROR(IF(VLOOKUP(A4,Adequacy!$A:$G,7,0)="","",VLOOKUP(A4,Adequacy!$A:$G,7,0)),"") -> 4.6296296 | T4: =IFERROR(IF(VLOOKUP(A4,Adequacy!$A:$H,8,0)="","",VLOOKUP(A4,Adequacy!$A:$H,8,0)),"") | U4: =IFERROR(IF(VLOOKUP(A4,Adequacy!$A:$J,10,0)="","",VLOOKUP(A4,Adequacy!$A:$J,10,0)),"") | V4: =IFERROR(IF(VLOOKUP(A4,'Water Quality Score'!$A:$C,3,0)="","",VLOOKUP(A4,'Water Quality Score'!$A:$C,3,0)),"") -> yes | W4: =IFERROR(IF(VLOOKUP(A4,'Water Quality Score'!$A:$D,4,0)="","",VLOOKUP(A4,'Water Quality Score'!$A:$D,4,0)),"") | X4: =IFERROR(IF(VLOOKUP(A4,'Water Quality Score'!$A:$E,5,0)="","",VLOOKUP(A4,'Water Quality Score'!$A:$E,5,0)),"") | Y4: =IFERROR(IF(VLOOKUP(A4,'Water Quality Score'!$A:$F,6,0)="","",VLOOKUP(A4,'Water Quality Score'!$A:$F,6,0)),"") -> 0.2 | Z4: =IFERROR(IF(VLOOKUP(A4,'Reliability score'!$A:$C,3,0)="","",VLOOKUP(A4,'Reliability score'!$A:$C,3,0)),"") -> 24 | AA4: =IFERROR(IF(VLOOKUP(A4,'Reliability score'!$A:$D,4,0)="","",VLOOKUP(A4,'Reliability score'!$A:$D,4,0)),"") -> 1 | AB4: =IFERROR(IF(VLOOKUP(A4,NRW!$A:$C,3,0)="","",VLOOKUP(A4,NRW!$A:$C,3,0)),"") | AC4: =IFERROR(IF(VLOOKUP(A4,NRW!$A:$D,4,0)="","",VLOOKUP(A4,NRW!$A:$D,4,0)),"") | AD4: =IFERROR(IF(VLOOKUP(A4,NRW!$A:$E,5,0)="","",VLOOKUP(A4,NRW!$A:$E,5,0)),"") | AE4: =IFERROR(IF(VLOOKUP(A4,NRW!$A:$F,6,0)="","",VLOOKUP(A4,NRW!$A:$F,6,0)),"") | AF4: =IFERROR(IF(VLOOKUP(A4,NRW!$A:$G,7,0)="","",VLOOKUP(A4,NRW!$A:$G,7,0)),"") | AG4: =IFERROR(IF(OR(VLOOKUP(A4,NRW!$A:$H,8,0)="",VLOOKUP(A4,NRW!$A:$H,8,0)=0),"",VLOOKUP(A4,NRW!$A:$H,8,0)),"") | AH4: =IFERROR(IF(VLOOKUP(A4,'O&M score'!$A:$D,4,0)="","",VLOOKUP(A4,'O&M score'!$A:$D,4,0)),"") -> 30000 | AI4: =IFERROR(IF(VLOOKUP(A4,'O&M score'!$A:$E,5,0)="","",VLOOKUP(A4,'O&M score'!$A:$E,5,0)),"") -> 40000 | AJ4: =IFERROR(IF(VLOOKUP(A4,'O&M score'!$A:$F,6,0)="","",VLOOKUP(A4,'O&M score'!$A:$F,6,0)),"") -> 0.75 | AK4: =IFERROR(IF(VLOOKUP(A4,'O&M score'!$A:$G,7,0)="","",VLOOKUP(A4,'O&M score'!$A:$G,7,0)),"") -> 0.9 | AL4: =IFERROR(IF(VLOOKUP(A4,'Metering Ratio Score'!$A:$C,3,0)="","",VLOOKUP(A4,'Metering Ratio Score'!$A:$C,3,0)),"") -> 15016 | AM4: =IFERROR(IF(VLOOKUP(A4,'Metering Ratio Score'!$A:$D,4,0)="","",VLOOKUP(A4,'Metering Ratio Score'!$A:$D,4,0)),"") | AN4: =IFERROR(IF(VLOOKUP(A4,'Metering Ratio Score'!$A:$E,5,0)="","",VLOOKUP(A4,'Metering Ratio Score'!$A:$E,5,0)),"") | AO4: =IFERROR(IF(VLOOKUP(A4,'Metering Ratio Score'!$A:$F,6,0)="","",VLOOKUP(A4,'Metering Ratio Score'!$A:$F,6,0)),"") | AP4: =IFERROR(IF(VLOOKUP(A4,'Grievance Addressal'!$A:$C,3,0)="","",VLOOKUP(A4,'Grievance Addressal'!$A:$C,3,0)),"") | AQ4: =IFERROR(IF(VLOOKUP(A4,'Grievance Addressal'!$A:$D,4,0)="","",VLOOKUP(A4,'Grievance Addressal'!$A:$D,4,0)),"") -> yes | AR4: =IFERROR(IF(VLOOKUP(A4,'Grievance Addressal'!$A:$E,5,0)="","",VLOOKUP(A4,'Grievance Addressal'!$A:$E,5,0)),"") | AS4: =IFERROR(IF(VLOOKUP(A4,Summary_Index!$A$5:$N$281,7,0)="","",VLOOKUP(A4,Summary_Index!$A$5:$N$281,7,0)),"") | AT4: =IFERROR(IF(VLOOKUP(A4,Summary_Index!$A$5:$N$281,12,0)="","",VLOOKUP(A4,Summary_Index!$A$5:$N$281,12,0)),"") | AU4: =IFERROR(IF(VLOOKUP(A4,Summary_Index!$A$5:$N$281,13,0)="","",VLOOKUP(A4,Summary_Index!$A$5:$N$281,13,0)),"") | AV4: =IFERROR(IF(VLOOKUP(A4,Summary_Index!$A$5:$N$281,14,0)="","",VLOOKUP(A4,Summary_Index!$A$5:$N$281,14,0)),"")
A5: =Spatial!A5 -> 4 | B5: =Spatial!B5 -> Nirmalpokhari_WSUC | C5: =Spatial!C5 -> Gandaki | D5: =Spatial!D5 -> Kaski District | E5: =Spatial!E5 -> Metropolitan | F5: =Spatial!F5 -> Pokhara | G5: =IFERROR(Spatial!G5,"") -> 0 | H5: 28.2096 | I5: 83.9856 | J5: =F5&"_"&D5 -> Pokhara_Kaski District | K5: =IFERROR(IF(VLOOKUP(A5,'Service Coverage'!$A:$C,3,0)="","",VLOOKUP(A5,'Service Coverage'!$A:$C,3,0)),"") -> Yes | L5: =IFERROR(IF(VLOOKUP(A5,'Service Coverage'!$A:$D,4,0)="","",VLOOKUP(A5,'Service Coverage'!$A:$D,4,0)),"") -> 2100 | M5: =IFERROR(IF(VLOOKUP(A5,'Service Coverage'!$A:$E,5,0)="","",VLOOKUP(A5,'Service Coverage'!$A:$E,5,0)),"") -> 3500 | N5: =IFERROR(IF(VLOOKUP(A5,'Service Coverage'!$A:$F,6,0)="","",VLOOKUP(A5,'Service Coverage'!$A:$F,6,0)),"") -> 60 | O5: =IFERROR(IF(VLOOKUP(A5,'Service Coverage'!$A:$G,7,0)="","",VLOOKUP(A5,'Service Coverage'!$A:$G,7,0)),"") -> 0 | P5: =IFERROR(IF(VLOOKUP(A5,Adequacy!$A:$C,3,0)="","",VLOOKUP(A5,Adequacy!$A:$C,3,0)),"") -> Pumped | Q5: =IFERROR(IF(VLOOKUP(A5,Adequacy!$A:$D,4,0)="","",VLOOKUP(A5,Adequacy!$A:$D,4,0)),"") -> 437 | R5: =IFERROR(IF(VLOOKUP(A5,Adequacy!$A:$E,5,0)="","",VLOOKUP(A5,Adequacy!$A:$E,5,0)),"") -> 11000 | S5: =IFERROR(IF(VLOOKUP(A5,Adequacy!$A:$G,7,0)="","",VLOOKUP(A5,Adequacy!$A:$G,7,0)),"") -> 1.3242424 | T5: =IFERROR(IF(VLOOKUP(A5,Adequacy!$A:$H,8,0)="","",VLOOKUP(A5,Adequacy!$A:$H,8,0)),"") -> 100 | U5: =IFERROR(IF(VLOOKUP(A5,Adequacy!$A:$J,10,0)="","",VLOOKUP(A5,Adequacy!$A:$J,10,0)),"") -> 0 | V5: =IFERROR(IF(VLOOKUP(A5,'Water Quality Score'!$A:$C,3,0)="","",VLOOKUP(A5,'Water Quality Score'!$A:$C,3,0)),"") -> yes | W5: =IFERROR(IF(VLOOKUP(A5,'Water Quality Score'!$A:$D,4,0)="","",VLOOKUP(A5,'Water Quality Score'!$A:$D,4,0)),"") -> Yes | X5: =IFERROR(IF(VLOOKUP(A5,'Water Quality Score'!$A:$E,5,0)="","",VLOOKUP(A5,'Water Quality Score'!$A:$E,5,0)),"") | Y5: =IFERROR(IF(VLOOKUP(A5,'Water Quality Score'!$A:$F,6,0)="","",VLOOKUP(A5,'Water Quality Score'!$A:$F,6,0)),"") -> 0.6 | Z5: =IFERROR(IF(VLOOKUP(A5,'Reliability score'!$A:$C,3,0)="","",VLOOKUP(A5,'Reliability score'!$A:$C,3,0)),"") -> 8 | AA5: =IFERROR(IF(VLOOKUP(A5,'Reliability score'!$A:$D,4,0)="","",VLOOKUP(A5,'Reliability score'!$A:$D,4,0)),"") -> 0.61904762 | AB5: =IFERROR(IF(VLOOKUP(A5,NRW!$A:$C,3,0)="","",VLOOKUP(A5,NRW!$A:$C,3,0)),"") -> No | AC5: =IFERROR(IF(VLOOKUP(A5,NRW!$A:$D,4,0)="","",VLOOKUP(A5,NRW!$A:$D,4,0)),"") -> Yes | AD5: =IFERROR(IF(VLOOKUP(A5,NRW!$A:$E,5,0)="","",VLOOKUP(A5,NRW!$A:$E,5,0)),"") -> Yes | AE5: =IFERROR(IF(VLOOKUP(A5,NRW!$A:$F,6,0)="","",VLOOKUP(A5,NRW!$A:$F,6,0)),"") -> Yes | AF5: =IFERROR(IF(VLOOKUP(A5,NRW!$A:$G,7,0)="","",VLOOKUP(A5,NRW!$A:$G,7,0)),"") -> Yes | AG5: =IFERROR(IF(OR(VLOOKUP(A5,NRW!$A:$H,8,0)="",VLOOKUP(A5,NRW!$A:$H,8,0)=0),"",VLOOKUP(A5,NRW!$A:$H,8,0)),"") | AH5: =IFERROR(IF(VLOOKUP(A5,'O&M score'!$A:$D,4,0)="","",VLOOKUP(A5,'O&M score'!$A:$D,4,0)),"") -> 2942620 | AI5: =IFERROR(IF(VLOOKUP(A5,'O&M score'!$A:$E,5,0)="","",VLOOKUP(A5,'O&M score'!$A:$E,5,0)),"") -> 9993660 | AJ5: =IFERROR(IF(VLOOKUP(A5,'O&M score'!$A:$F,6,0)="","",VLOOKUP(A5,'O&M score'!$A:$F,6,0)),"") -> 0.29444868 | AK5: =IFERROR(IF(VLOOKUP(A5,'O&M score'!$A:$G,7,0)="","",VLOOKUP(A5,'O&M score'!$A:$G,7,0)),"") -> 1 | AL5: =IFERROR(IF(VLOOKUP(A5,'Metering Ratio Score'!$A:$C,3,0)="","",VLOOKUP(A5,'Metering Ratio Score'!$A:$C,3,0)),"") -> 1300 | AM5: =IFERROR(IF(VLOOKUP(A5,'Metering Ratio Score'!$A:$D,4,0)="","",VLOOKUP(A5,'Metering Ratio Score'!$A:$D,4,0)),"") -> 2100 | AN5: =IFERROR(IF(VLOOKUP(A5,'Metering Ratio Score'!$A:$E,5,0)="","",VLOOKUP(A5,'Metering Ratio Score'!$A:$E,5,0)),"") -> 61.904762 | AO5: =IFERROR(IF(VLOOKUP(A5,'Metering Ratio Score'!$A:$F,6,0)="","",VLOOKUP(A5,'Metering Ratio Score'!$A:$F,6,0)),"") -> 0.047619048 | AP5: =IFERROR(IF(VLOOKUP(A5,'Grievance Addressal'!$A:$C,3,0)="","",VLOOKUP(A5,'Grievance Addressal'!$A:$C,3,0)),"") -> Yes | AQ5: =IFERROR(IF(VLOOKUP(A5,'Grievance Addressal'!$A:$D,4,0)="","",VLOOKUP(A5,'Grievance Addressal'!$A:$D,4,0)),"") -> yes | AR5: =IFERROR(IF(VLOOKUP(A5,'Grievance Addressal'!$A:$E,5,0)="","",VLOOKUP(A5,'Grievance Addressal'!$A:$E,5,0)),"") -> 1 | AS5: =IFERROR(IF(VLOOKUP(A5,Summary_Index!$A$5:$N$281,7,0)="","",VLOOKUP(A5,Summary_Index!$A$5:$N$281,7,0)),"") -> 33.4 | AT5: =IFERROR(IF(VLOOKUP(A5,Summary_Index!$A$5:$N$281,12,0)="","",VLOOKUP(A5,Summary_Index!$A$5:$N$281,12,0)),"") -> 51 | AU5: =IFERROR(IF(VLOOKUP(A5,Summary_Index!$A$5:$N$281,13,0)="","",VLOOKUP(A5,Summary_Index!$A$5:$N$281,13,0)),"") -> 6 | AV5: =IFERROR(IF(VLOOKUP(A5,Summary_Index!$A$5:$N$281,14,0)="","",VLOOKUP(A5,Summary_Index!$A$5:$N$281,14,0)),"") -> 6. Active — Functioning Level
A6: =Spatial!A6 -> 5 | B6: =Spatial!B6 -> Bhimad_WSUC | C6: =Spatial!C6 -> Gandaki | D6: =Spatial!D6 -> Tanahun District | E6: =Spatial!E6 -> Municipality | F6: =Spatial!F6 -> Bhimad | G6: =IFERROR(Spatial!G6,"") -> 0 | H6: 27.9667 | I6: 84.4167 | J6: =F6&"_"&D6 -> Bhimad_Tanahun District | K6: =IFERROR(IF(VLOOKUP(A6,'Service Coverage'!$A:$C,3,0)="","",VLOOKUP(A6,'Service Coverage'!$A:$C,3,0)),"") | L6: =IFERROR(IF(VLOOKUP(A6,'Service Coverage'!$A:$D,4,0)="","",VLOOKUP(A6,'Service Coverage'!$A:$D,4,0)),"") -> 2000 | M6: =IFERROR(IF(VLOOKUP(A6,'Service Coverage'!$A:$E,5,0)="","",VLOOKUP(A6,'Service Coverage'!$A:$E,5,0)),"") | N6: =IFERROR(IF(VLOOKUP(A6,'Service Coverage'!$A:$F,6,0)="","",VLOOKUP(A6,'Service Coverage'!$A:$F,6,0)),"") | O6: =IFERROR(IF(VLOOKUP(A6,'Service Coverage'!$A:$G,7,0)="","",VLOOKUP(A6,'Service Coverage'!$A:$G,7,0)),"") | P6: =IFERROR(IF(VLOOKUP(A6,Adequacy!$A:$C,3,0)="","",VLOOKUP(A6,Adequacy!$A:$C,3,0)),"") | Q6: =IFERROR(IF(VLOOKUP(A6,Adequacy!$A:$D,4,0)="","",VLOOKUP(A6,Adequacy!$A:$D,4,0)),"") -> 1220 | R6: =IFERROR(IF(VLOOKUP(A6,Adequacy!$A:$E,5,0)="","",VLOOKUP(A6,Adequacy!$A:$E,5,0)),"") | S6: =IFERROR(IF(VLOOKUP(A6,Adequacy!$A:$G,7,0)="","",VLOOKUP(A6,Adequacy!$A:$G,7,0)),"") | T6: =IFERROR(IF(VLOOKUP(A6,Adequacy!$A:$H,8,0)="","",VLOOKUP(A6,Adequacy!$A:$H,8,0)),"") | U6: =IFERROR(IF(VLOOKUP(A6,Adequacy!$A:$J,10,0)="","",VLOOKUP(A6,Adequacy!$A:$J,10,0)),"") | V6: =IFERROR(IF(VLOOKUP(A6,'Water Quality Score'!$A:$C,3,0)="","",VLOOKUP(A6,'Water Quality Score'!$A:$C,3,0)),"") -> yes | W6: =IFERROR(IF(VLOOKUP(A6,'Water Quality Score'!$A:$D,4,0)="","",VLOOKUP(A6,'Water Quality Score'!$A:$D,4,0)),"") | X6: =IFERROR(IF(VLOOKUP(A6,'Water Quality Score'!$A:$E,5,0)="","",VLOOKUP(A6,'Water Quality Score'!$A:$E,5,0)),"") | Y6: =IFERROR(IF(VLOOKUP(A6,'Water Quality Score'!$A:$F,6,0)="","",VLOOKUP(A6,'Water Quality Score'!$A:$F,6,0)),"") -> 0.2 | Z6: =IFERROR(IF(VLOOKUP(A6,'Reliability score'!$A:$C,3,0)="","",VLOOKUP(A6,'Reliability score'!$A:$C,3,0)),"") -> 12 | AA6: =IFERROR(IF(VLOOKUP(A6,'Reliability score'!$A:$D,4,0)="","",VLOOKUP(A6,'Reliability score'!$A:$D,4,0)),"") -> 0.71428571 | AB6: =IFERROR(IF(VLOOKUP(A6,NRW!$A:$C,3,0)="","",VLOOKUP(A6,NRW!$A:$C,3,0)),"") | AC6: =IFERROR(IF(VLOOKUP(A6,NRW!$A:$D,4,0)="","",VLOOKUP(A6,NRW!$A:$D,4,0)),"") | AD6: =IFERROR(IF(VLOOKUP(A6,NRW!$A:$E,5,0)="","",VLOOKUP(A6,NRW!$A:$E,5,0)),"") | AE6: =IFERROR(IF(VLOOKUP(A6,NRW!$A:$F,6,0)="","",VLOOKUP(A6,NRW!$A:$F,6,0)),"") | AF6: =IFERROR(IF(VLOOKUP(A6,NRW!$A:$G,7,0)="","",VLOOKUP(A6,NRW!$A:$G,7,0)),"") | AG6: =IFERROR(IF(OR(VLOOKUP(A6,NRW!$A:$H,8,0)="",VLOOKUP(A6,NRW!$A:$H,8,0)=0),"",VLOOKUP(A6,NRW!$A:$H,8,0)),"") | AH6: =IFERROR(IF(VLOOKUP(A6,'O&M score'!$A:$D,4,0)="","",VLOOKUP(A6,'O&M score'!$A:$D,4,0)),"") | AI6: =IFERROR(IF(VLOOKUP(A6,'O&M score'!$A:$E,5,0)="","",VLOOKUP(A6,'O&M score'!$A:$E,5,0)),"") | AJ6: =IFERROR(IF(VLOOKUP(A6,'O&M score'!$A:$F,6,0)="","",VLOOKUP(A6,'O&M score'!$A:$F,6,0)),"") | AK6: =IFERROR(IF(VLOOKUP(A6,'O&M score'!$A:$G,7,0)="","",VLOOKUP(A6,'O&M score'!$A:$G,7,0)),"") | AL6: =IFERROR(IF(VLOOKUP(A6,'Metering Ratio Score'!$A:$C,3,0)="","",VLOOKUP(A6,'Metering Ratio Score'!$A:$C,3,0)),"") | AM6: =IFERROR(IF(VLOOKUP(A6,'Metering Ratio Score'!$A:$D,4,0)="","",VLOOKUP(A6,'Metering Ratio Score'!$A:$D,4,0)),"") | AN6: =IFERROR(IF(VLOOKUP(A6,'Metering Ratio Score'!$A:$E,5,0)="","",VLOOKUP(A6,'Metering Ratio Score'!$A:$E,5,0)),"") | AO6: =IFERROR(IF(VLOOKUP(A6,'Metering Ratio Score'!$A:$F,6,0)="","",VLOOKUP(A6,'Metering Ratio Score'!$A:$F,6,0)),"") | AP6: =IFERROR(IF(VLOOKUP(A6,'Grievance Addressal'!$A:$C,3,0)="","",VLOOKUP(A6,'Grievance Addressal'!$A:$C,3,0)),"") | AQ6: =IFERROR(IF(VLOOKUP(A6,'Grievance Addressal'!$A:$D,4,0)="","",VLOOKUP(A6,'Grievance Addressal'!$A:$D,4,0)),"") -> yes | AR6: =IFERROR(IF(VLOOKUP(A6,'Grievance Addressal'!$A:$E,5,0)="","",VLOOKUP(A6,'Grievance Addressal'!$A:$E,5,0)),"") | AS6: =IFERROR(IF(VLOOKUP(A6,Summary_Index!$A$5:$N$281,7,0)="","",VLOOKUP(A6,Summary_Index!$A$5:$N$281,7,0)),"") | AT6: =IFERROR(IF(VLOOKUP(A6,Summary_Index!$A$5:$N$281,12,0)="","",VLOOKUP(A6,Summary_Index!$A$5:$N$281,12,0)),"") | AU6: =IFERROR(IF(VLOOKUP(A6,Summary_Index!$A$5:$N$281,13,0)="","",VLOOKUP(A6,Summary_Index!$A$5:$N$281,13,0)),"") | AV6: =IFERROR(IF(VLOOKUP(A6,Summary_Index!$A$5:$N$281,14,0)="","",VLOOKUP(A6,Summary_Index!$A$5:$N$281,14,0)),"")
A7: =Spatial!A7 -> 6 | B7: =Spatial!B7 -> Katunje_WSUC | C7: =Spatial!C7 -> Bagmati | D7: =Spatial!D7 -> Bhaktapur | E7: =Spatial!E7 -> Municipality | F7: =Spatial!F7 -> Suryabinayak | G7: =IFERROR(Spatial!G7,"") -> 0 | H7: 27.6654 | I7: 85.4195 | J7: =F7&"_"&D7 -> Suryabinayak_Bhaktapur | K7: =IFERROR(IF(VLOOKUP(A7,'Service Coverage'!$A:$C,3,0)="","",VLOOKUP(A7,'Service Coverage'!$A:$C,3,0)),"") | L7: =IFERROR(IF(VLOOKUP(A7,'Service Coverage'!$A:$D,4,0)="","",VLOOKUP(A7,'Service Coverage'!$A:$D,4,0)),"") -> 3360 | M7: =IFERROR(IF(VLOOKUP(A7,'Service Coverage'!$A:$E,5,0)="","",VLOOKUP(A7,'Service Coverage'!$A:$E,5,0)),"") | N7: =IFERROR(IF(VLOOKUP(A7,'Service Coverage'!$A:$F,6,0)="","",VLOOKUP(A7,'Service Coverage'!$A:$F,6,0)),"") | O7: =IFERROR(IF(VLOOKUP(A7,'Service Coverage'!$A:$G,7,0)="","",VLOOKUP(A7,'Service Coverage'!$A:$G,7,0)),"") | P7: =IFERROR(IF(VLOOKUP(A7,Adequacy!$A:$C,3,0)="","",VLOOKUP(A7,Adequacy!$A:$C,3,0)),"") | Q7: =IFERROR(IF(VLOOKUP(A7,Adequacy!$A:$D,4,0)="","",VLOOKUP(A7,Adequacy!$A:$D,4,0)),"") -> 2500 | R7: =IFERROR(IF(VLOOKUP(A7,Adequacy!$A:$E,5,0)="","",VLOOKUP(A7,Adequacy!$A:$E,5,0)),"") -> 19000 | S7: =IFERROR(IF(VLOOKUP(A7,Adequacy!$A:$G,7,0)="","",VLOOKUP(A7,Adequacy!$A:$G,7,0)),"") -> 4.3859649 | T7: =IFERROR(IF(VLOOKUP(A7,Adequacy!$A:$H,8,0)="","",VLOOKUP(A7,Adequacy!$A:$H,8,0)),"") | U7: =IFERROR(IF(VLOOKUP(A7,Adequacy!$A:$J,10,0)="","",VLOOKUP(A7,Adequacy!$A:$J,10,0)),"") | V7: =IFERROR(IF(VLOOKUP(A7,'Water Quality Score'!$A:$C,3,0)="","",VLOOKUP(A7,'Water Quality Score'!$A:$C,3,0)),"") -> yes | W7: =IFERROR(IF(VLOOKUP(A7,'Water Quality Score'!$A:$D,4,0)="","",VLOOKUP(A7,'Water Quality Score'!$A:$D,4,0)),"") | X7: =IFERROR(IF(VLOOKUP(A7,'Water Quality Score'!$A:$E,5,0)="","",VLOOKUP(A7,'Water Quality Score'!$A:$E,5,0)),"") | Y7: =IFERROR(IF(VLOOKUP(A7,'Water Quality Score'!$A:$F,6,0)="","",VLOOKUP(A7,'Water Quality Score'!$A:$F,6,0)),"") -> 0.2 | Z7: =IFERROR(IF(VLOOKUP(A7,'Reliability score'!$A:$C,3,0)="","",VLOOKUP(A7,'Reliability score'!$A:$C,3,0)),"") -> 4 | AA7: =IFERROR(IF(VLOOKUP(A7,'Reliability score'!$A:$D,4,0)="","",VLOOKUP(A7,'Reliability score'!$A:$D,4,0)),"") -> 0.52380952 | AB7: =IFERROR(IF(VLOOKUP(A7,NRW!$A:$C,3,0)="","",VLOOKUP(A7,NRW!$A:$C,3,0)),"") | AC7: =IFERROR(IF(VLOOKUP(A7,NRW!$A:$D,4,0)="","",VLOOKUP(A7,NRW!$A:$D,4,0)),"") | AD7: =IFERROR(IF(VLOOKUP(A7,NRW!$A:$E,5,0)="","",VLOOKUP(A7,NRW!$A:$E,5,0)),"") | AE7: =IFERROR(IF(VLOOKUP(A7,NRW!$A:$F,6,0)="","",VLOOKUP(A7,NRW!$A:$F,6,0)),"") | AF7: =IFERROR(IF(VLOOKUP(A7,NRW!$A:$G,7,0)="","",VLOOKUP(A7,NRW!$A:$G,7,0)),"") | AG7: =IFERROR(IF(OR(VLOOKUP(A7,NRW!$A:$H,8,0)="",VLOOKUP(A7,NRW!$A:$H,8,0)=0),"",VLOOKUP(A7,NRW!$A:$H,8,0)),"") | AH7: =IFERROR(IF(VLOOKUP(A7,'O&M score'!$A:$D,4,0)="","",VLOOKUP(A7,'O&M score'!$A:$D,4,0)),"") -> 875000 | AI7: =IFERROR(IF(VLOOKUP(A7,'O&M score'!$A:$E,5,0)="","",VLOOKUP(A7,'O&M score'!$A:$E,5,0)),"") -> 1700000 | AJ7: =IFERROR(IF(VLOOKUP(A7,'O&M score'!$A:$F,6,0)="","",VLOOKUP(A7,'O&M score'!$A:$F,6,0)),"") -> 0.51470588 | AK7: =IFERROR(IF(VLOOKUP(A7,'O&M score'!$A:$G,7,0)="","",VLOOKUP(A7,'O&M score'!$A:$G,7,0)),"") -> 1 | AL7: =IFERROR(IF(VLOOKUP(A7,'Metering Ratio Score'!$A:$C,3,0)="","",VLOOKUP(A7,'Metering Ratio Score'!$A:$C,3,0)),"") | AM7: =IFERROR(IF(VLOOKUP(A7,'Metering Ratio Score'!$A:$D,4,0)="","",VLOOKUP(A7,'Metering Ratio Score'!$A:$D,4,0)),"") | AN7: =IFERROR(IF(VLOOKUP(A7,'Metering Ratio Score'!$A:$E,5,0)="","",VLOOKUP(A7,'Metering Ratio Score'!$A:$E,5,0)),"") | AO7: =IFERROR(IF(VLOOKUP(A7,'Metering Ratio Score'!$A:$F,6,0)="","",VLOOKUP(A7,'Metering Ratio Score'!$A:$F,6,0)),"") | AP7: =IFERROR(IF(VLOOKUP(A7,'Grievance Addressal'!$A:$C,3,0)="","",VLOOKUP(A7,'Grievance Addressal'!$A:$C,3,0)),"") | AQ7: =IFERROR(IF(VLOOKUP(A7,'Grievance Addressal'!$A:$D,4,0)="","",VLOOKUP(A7,'Grievance Addressal'!$A:$D,4,0)),"") -> yes | AR7: =IFERROR(IF(VLOOKUP(A7,'Grievance Addressal'!$A:$E,5,0)="","",VLOOKUP(A7,'Grievance Addressal'!$A:$E,5,0)),"") | AS7: =IFERROR(IF(VLOOKUP(A7,Summary_Index!$A$5:$N$281,7,0)="","",VLOOKUP(A7,Summary_Index!$A$5:$N$281,7,0)),"") | AT7: =IFERROR(IF(VLOOKUP(A7,Summary_Index!$A$5:$N$281,12,0)="","",VLOOKUP(A7,Summary_Index!$A$5:$N$281,12,0)),"") | AU7: =IFERROR(IF(VLOOKUP(A7,Summary_Index!$A$5:$N$281,13,0)="","",VLOOKUP(A7,Summary_Index!$A$5:$N$281,13,0)),"") | AV7: =IFERROR(IF(VLOOKUP(A7,Summary_Index!$A$5:$N$281,14,0)="","",VLOOKUP(A7,Summary_Index!$A$5:$N$281,14,0)),"")
A8: =Spatial!A8 -> 7 | B8: =Spatial!B8 -> Nijgad_WSUC | C8: =Spatial!C8 -> Madhesh | D8: =Spatial!D8 -> Bara District | E8: =Spatial!E8 -> Municipality | F8: =Spatial!F8 -> Nijgad | G8: =IFERROR(Spatial!G8,"") -> 4,5,6,7,8,9 | H8: 27.0014 | I8: 85.1321 | J8: =F8&"_"&D8 -> Nijgad_Bara District | K8: =IFERROR(IF(VLOOKUP(A8,'Service Coverage'!$A:$C,3,0)="","",VLOOKUP(A8,'Service Coverage'!$A:$C,3,0)),"") | L8: =IFERROR(IF(VLOOKUP(A8,'Service Coverage'!$A:$D,4,0)="","",VLOOKUP(A8,'Service Coverage'!$A:$D,4,0)),"") | M8: =IFERROR(IF(VLOOKUP(A8,'Service Coverage'!$A:$E,5,0)="","",VLOOKUP(A8,'Service Coverage'!$A:$E,5,0)),"") | N8: =IFERROR(IF(VLOOKUP(A8,'Service Coverage'!$A:$F,6,0)="","",VLOOKUP(A8,'Service Coverage'!$A:$F,6,0)),"") | O8: =IFERROR(IF(VLOOKUP(A8,'Service Coverage'!$A:$G,7,0)="","",VLOOKUP(A8,'Service Coverage'!$A:$G,7,0)),"") | P8: =IFERROR(IF(VLOOKUP(A8,Adequacy!$A:$C,3,0)="","",VLOOKUP(A8,Adequacy!$A:$C,3,0)),"") | Q8: =IFERROR(IF(VLOOKUP(A8,Adequacy!$A:$D,4,0)="","",VLOOKUP(A8,Adequacy!$A:$D,4,0)),"") -> 2000 | R8: =IFERROR(IF(VLOOKUP(A8,Adequacy!$A:$E,5,0)="","",VLOOKUP(A8,Adequacy!$A:$E,5,0)),"") | S8: =IFERROR(IF(VLOOKUP(A8,Adequacy!$A:$G,7,0)="","",VLOOKUP(A8,Adequacy!$A:$G,7,0)),"") | T8: =IFERROR(IF(VLOOKUP(A8,Adequacy!$A:$H,8,0)="","",VLOOKUP(A8,Adequacy!$A:$H,8,0)),"") | U8: =IFERROR(IF(VLOOKUP(A8,Adequacy!$A:$J,10,0)="","",VLOOKUP(A8,Adequacy!$A:$J,10,0)),"") | V8: =IFERROR(IF(VLOOKUP(A8,'Water Quality Score'!$A:$C,3,0)="","",VLOOKUP(A8,'Water Quality Score'!$A:$C,3,0)),"") -> yes | W8: =IFERROR(IF(VLOOKUP(A8,'Water Quality Score'!$A:$D,4,0)="","",VLOOKUP(A8,'Water Quality Score'!$A:$D,4,0)),"") | X8: =IFERROR(IF(VLOOKUP(A8,'Water Quality Score'!$A:$E,5,0)="","",VLOOKUP(A8,'Water Quality Score'!$A:$E,5,0)),"") | Y8: =IFERROR(IF(VLOOKUP(A8,'Water Quality Score'!$A:$F,6,0)="","",VLOOKUP(A8,'Water Quality Score'!$A:$F,6,0)),"") -> 0.2 | Z8: =IFERROR(IF(VLOOKUP(A8,'Reliability score'!$A:$C,3,0)="","",VLOOKUP(A8,'Reliability score'!$A:$C,3,0)),"") -> 6 | AA8: =IFERROR(IF(VLOOKUP(A8,'Reliability score'!$A:$D,4,0)="","",VLOOKUP(A8,'Reliability score'!$A:$D,4,0)),"") -> 0.57142857 | AB8: =IFERROR(IF(VLOOKUP(A8,NRW!$A:$C,3,0)="","",VLOOKUP(A8,NRW!$A:$C,3,0)),"") | AC8: =IFERROR(IF(VLOOKUP(A8,NRW!$A:$D,4,0)="","",VLOOKUP(A8,NRW!$A:$D,4,0)),"") | AD8: =IFERROR(IF(VLOOKUP(A8,NRW!$A:$E,5,0)="","",VLOOKUP(A8,NRW!$A:$E,5,0)),"") | AE8: =IFERROR(IF(VLOOKUP(A8,NRW!$A:$F,6,0)="","",VLOOKUP(A8,NRW!$A:$F,6,0)),"") | AF8: =IFERROR(IF(VLOOKUP(A8,NRW!$A:$G,7,0)="","",VLOOKUP(A8,NRW!$A:$G,7,0)),"") | AG8: =IFERROR(IF(OR(VLOOKUP(A8,NRW!$A:$H,8,0)="",VLOOKUP(A8,NRW!$A:$H,8,0)=0),"",VLOOKUP(A8,NRW!$A:$H,8,0)),"") | AH8: =IFERROR(IF(VLOOKUP(A8,'O&M score'!$A:$D,4,0)="","",VLOOKUP(A8,'O&M score'!$A:$D,4,0)),"") | AI8: =IFERROR(IF(VLOOKUP(A8,'O&M score'!$A:$E,5,0)="","",VLOOKUP(A8,'O&M score'!$A:$E,5,0)),"") | AJ8: =IFERROR(IF(VLOOKUP(A8,'O&M score'!$A:$F,6,0)="","",VLOOKUP(A8,'O&M score'!$A:$F,6,0)),"") | AK8: =IFERROR(IF(VLOOKUP(A8,'O&M score'!$A:$G,7,0)="","",VLOOKUP(A8,'O&M score'!$A:$G,7,0)),"") | AL8: =IFERROR(IF(VLOOKUP(A8,'Metering Ratio Score'!$A:$C,3,0)="","",VLOOKUP(A8,'Metering Ratio Score'!$A:$C,3,0)),"") | AM8: =IFERROR(IF(VLOOKUP(A8,'Metering Ratio Score'!$A:$D,4,0)="","",VLOOKUP(A8,'Metering Ratio Score'!$A:$D,4,0)),"") | AN8: =IFERROR(IF(VLOOKUP(A8,'Metering Ratio Score'!$A:$E,5,0)="","",VLOOKUP(A8,'Metering Ratio Score'!$A:$E,5,0)),"") | AO8: =IFERROR(IF(VLOOKUP(A8,'Metering Ratio Score'!$A:$F,6,0)="","",VLOOKUP(A8,'Metering Ratio Score'!$A:$F,6,0)),"") | AP8: =IFERROR(IF(VLOOKUP(A8,'Grievance Addressal'!$A:$C,3,0)="","",VLOOKUP(A8,'Grievance Addressal'!$A:$C,3,0)),"") | AQ8: =IFERROR(IF(VLOOKUP(A8,'Grievance Addressal'!$A:$D,4,0)="","",VLOOKUP(A8,'Grievance Addressal'!$A:$D,4,0)),"") -> yes | AR8: =IFERROR(IF(VLOOKUP(A8,'Grievance Addressal'!$A:$E,5,0)="","",VLOOKUP(A8,'Grievance Addressal'!$A:$E,5,0)),"") | AS8: =IFERROR(IF(VLOOKUP(A8,Summary_Index!$A$5:$N$281,7,0)="","",VLOOKUP(A8,Summary_Index!$A$5:$N$281,7,0)),"") | AT8: =IFERROR(IF(VLOOKUP(A8,Summary_Index!$A$5:$N$281,12,0)="","",VLOOKUP(A8,Summary_Index!$A$5:$N$281,12,0)),"") | AU8: =IFERROR(IF(VLOOKUP(A8,Summary_Index!$A$5:$N$281,13,0)="","",VLOOKUP(A8,Summary_Index!$A$5:$N$281,13,0)),"") | AV8: =IFERROR(IF(VLOOKUP(A8,Summary_Index!$A$5:$N$281,14,0)="","",VLOOKUP(A8,Summary_Index!$A$5:$N$281,14,0)),"")
A9: =Spatial!A9 -> 8 | B9: =Spatial!B9 -> Tinthana_WSUC | C9: =Spatial!C9 -> Bagmati | D9: =Spatial!D9 -> Kathmandu District | E9: =Spatial!E9 -> Municipality | F9: =Spatial!F9 -> Chandragiri | G9: =IFERROR(Spatial!G9,"") -> 0 | H9: 27.6628 | I9: 85.2433 | J9: =F9&"_"&D9 -> Chandragiri_Kathmandu District | K9: =IFERROR(IF(VLOOKUP(A9,'Service Coverage'!$A:$C,3,0)="","",VLOOKUP(A9,'Service Coverage'!$A:$C,3,0)),"") | L9: =IFERROR(IF(VLOOKUP(A9,'Service Coverage'!$A:$D,4,0)="","",VLOOKUP(A9,'Service Coverage'!$A:$D,4,0)),"") -> 1979 | M9: =IFERROR(IF(VLOOKUP(A9,'Service Coverage'!$A:$E,5,0)="","",VLOOKUP(A9,'Service Coverage'!$A:$E,5,0)),"") | N9: =IFERROR(IF(VLOOKUP(A9,'Service Coverage'!$A:$F,6,0)="","",VLOOKUP(A9,'Service Coverage'!$A:$F,6,0)),"") | O9: =IFERROR(IF(VLOOKUP(A9,'Service Coverage'!$A:$G,7,0)="","",VLOOKUP(A9,'Service Coverage'!$A:$G,7,0)),"") | P9: =IFERROR(IF(VLOOKUP(A9,Adequacy!$A:$C,3,0)="","",VLOOKUP(A9,Adequacy!$A:$C,3,0)),"") | Q9: =IFERROR(IF(VLOOKUP(A9,Adequacy!$A:$D,4,0)="","",VLOOKUP(A9,Adequacy!$A:$D,4,0)),"") -> 1300 | R9: =IFERROR(IF(VLOOKUP(A9,Adequacy!$A:$E,5,0)="","",VLOOKUP(A9,Adequacy!$A:$E,5,0)),"") | S9: =IFERROR(IF(VLOOKUP(A9,Adequacy!$A:$G,7,0)="","",VLOOKUP(A9,Adequacy!$A:$G,7,0)),"") | T9: =IFERROR(IF(VLOOKUP(A9,Adequacy!$A:$H,8,0)="","",VLOOKUP(A9,Adequacy!$A:$H,8,0)),"") | U9: =IFERROR(IF(VLOOKUP(A9,Adequacy!$A:$J,10,0)="","",VLOOKUP(A9,Adequacy!$A:$J,10,0)),"") | V9: =IFERROR(IF(VLOOKUP(A9,'Water Quality Score'!$A:$C,3,0)="","",VLOOKUP(A9,'Water Quality Score'!$A:$C,3,0)),"") -> yes | W9: =IFERROR(IF(VLOOKUP(A9,'Water Quality Score'!$A:$D,4,0)="","",VLOOKUP(A9,'Water Quality Score'!$A:$D,4,0)),"") | X9: =IFERROR(IF(VLOOKUP(A9,'Water Quality Score'!$A:$E,5,0)="","",VLOOKUP(A9,'Water Quality Score'!$A:$E,5,0)),"") | Y9: =IFERROR(IF(VLOOKUP(A9,'Water Quality Score'!$A:$F,6,0)="","",VLOOKUP(A9,'Water Quality Score'!$A:$F,6,0)),"") -> 0.2 | Z9: =IFERROR(IF(VLOOKUP(A9,'Reliability score'!$A:$C,3,0)="","",VLOOKUP(A9,'Reliability score'!$A:$C,3,0)),"") | AA9: =IFERROR(IF(VLOOKUP(A9,'Reliability score'!$A:$D,4,0)="","",VLOOKUP(A9,'Reliability score'!$A:$D,4,0)),"") | AB9: =IFERROR(IF(VLOOKUP(A9,NRW!$A:$C,3,0)="","",VLOOKUP(A9,NRW!$A:$C,3,0)),"") | AC9: =IFERROR(IF(VLOOKUP(A9,NRW!$A:$D,4,0)="","",VLOOKUP(A9,NRW!$A:$D,4,0)),"") | AD9: =IFERROR(IF(VLOOKUP(A9,NRW!$A:$E,5,0)="","",VLOOKUP(A9,NRW!$A:$E,5,0)),"") | AE9: =IFERROR(IF(VLOOKUP(A9,NRW!$A:$F,6,0)="","",VLOOKUP(A9,NRW!$A:$F,6,0)),"") | AF9: =IFERROR(IF(VLOOKUP(A9,NRW!$A:$G,7,0)="","",VLOOKUP(A9,NRW!$A:$G,7,0)),"") | AG9: =IFERROR(IF(OR(VLOOKUP(A9,NRW!$A:$H,8,0)="",VLOOKUP(A9,NRW!$A:$H,8,0)=0),"",VLOOKUP(A9,NRW!$A:$H,8,0)),"") | AH9: =IFERROR(IF(VLOOKUP(A9,'O&M score'!$A:$D,4,0)="","",VLOOKUP(A9,'O&M score'!$A:$D,4,0)),"") | AI9: =IFERROR(IF(VLOOKUP(A9,'O&M score'!$A:$E,5,0)="","",VLOOKUP(A9,'O&M score'!$A:$E,5,0)),"") | AJ9: =IFERROR(IF(VLOOKUP(A9,'O&M score'!$A:$F,6,0)="","",VLOOKUP(A9,'O&M score'!$A:$F,6,0)),"") | AK9: =IFERROR(IF(VLOOKUP(A9,'O&M score'!$A:$G,7,0)="","",VLOOKUP(A9,'O&M score'!$A:$G,7,0)),"") | AL9: =IFERROR(IF(VLOOKUP(A9,'Metering Ratio Score'!$A:$C,3,0)="","",VLOOKUP(A9,'Metering Ratio Score'!$A:$C,3,0)),"") | AM9: =IFERROR(IF(VLOOKUP(A9,'Metering Ratio Score'!$A:$D,4,0)="","",VLOOKUP(A9,'Metering Ratio Score'!$A:$D,4,0)),"") | AN9: =IFERROR(IF(VLOOKUP(A9,'Metering Ratio Score'!$A:$E,5,0)="","",VLOOKUP(A9,'Metering Ratio Score'!$A:$E,5,0)),"") | AO9: =IFERROR(IF(VLOOKUP(A9,'Metering Ratio Score'!$A:$F,6,0)="","",VLOOKUP(A9,'Metering Ratio Score'!$A:$F,6,0)),"") | AP9: =IFERROR(IF(VLOOKUP(A9,'Grievance Addressal'!$A:$C,3,0)="","",VLOOKUP(A9,'Grievance Addressal'!$A:$C,3,0)),"") | AQ9: =IFERROR(IF(VLOOKUP(A9,'Grievance Addressal'!$A:$D,4,0)="","",VLOOKUP(A9,'Grievance Addressal'!$A:$D,4,0)),"") -> yes | AR9: =IFERROR(IF(VLOOKUP(A9,'Grievance Addressal'!$A:$E,5,0)="","",VLOOKUP(A9,'Grievance Addressal'!$A:$E,5,0)),"") | AS9: =IFERROR(IF(VLOOKUP(A9,Summary_Index!$A$5:$N$281,7,0)="","",VLOOKUP(A9,Summary_Index!$A$5:$N$281,7,0)),"") | AT9: =IFERROR(IF(VLOOKUP(A9,Summary_Index!$A$5:$N$281,12,0)="","",VLOOKUP(A9,Summary_Index!$A$5:$N$281,12,0)),"") | AU9: =IFERROR(IF(VLOOKUP(A9,Summary_Index!$A$5:$N$281,13,0)="","",VLOOKUP(A9,Summary_Index!$A$5:$N$281,13,0)),"") | AV9: =IFERROR(IF(VLOOKUP(A9,Summary_Index!$A$5:$N$281,14,0)="","",VLOOKUP(A9,Summary_Index!$A$5:$N$281,14,0)),"")
A10: =Spatial!A10 -> 9 | B10: =Spatial!B10 -> Birgunj_WSUC | C10: =Spatial!C10 -> Madhesh | D10: =Spatial!D10 -> Parsa District | E10: =Spatial!E10 -> Metropolitan | F10: =Spatial!F10 -> Birgunj | G10: =IFERROR(Spatial!G10,"") -> 1 ,2,3,4,5,6,7,8,9,10,11,12,13,14,15,16,17,18,19,20,21,22,23,24 | H10: 27.0104 | I10: 84.8772 | J10: =F10&"_"&D10 -> Birgunj_Parsa District | K10: =IFERROR(IF(VLOOKUP(A10,'Service Coverage'!$A:$C,3,0)="","",VLOOKUP(A10,'Service Coverage'!$A:$C,3,0)),"") | L10: =IFERROR(IF(VLOOKUP(A10,'Service Coverage'!$A:$D,4,0)="","",VLOOKUP(A10,'Service Coverage'!$A:$D,4,0)),"") | M10: =IFERROR(IF(VLOOKUP(A10,'Service Coverage'!$A:$E,5,0)="","",VLOOKUP(A10,'Service Coverage'!$A:$E,5,0)),"") | N10: =IFERROR(IF(VLOOKUP(A10,'Service Coverage'!$A:$F,6,0)="","",VLOOKUP(A10,'Service Coverage'!$A:$F,6,0)),"") | O10: =IFERROR(IF(VLOOKUP(A10,'Service Coverage'!$A:$G,7,0)="","",VLOOKUP(A10,'Service Coverage'!$A:$G,7,0)),"") | P10: =IFERROR(IF(VLOOKUP(A10,Adequacy!$A:$C,3,0)="","",VLOOKUP(A10,Adequacy!$A:$C,3,0)),"") | Q10: =IFERROR(IF(VLOOKUP(A10,Adequacy!$A:$D,4,0)="","",VLOOKUP(A10,Adequacy!$A:$D,4,0)),"") | R10: =IFERROR(IF(VLOOKUP(A10,Adequacy!$A:$E,5,0)="","",VLOOKUP(A10,Adequacy!$A:$E,5,0)),"") | S10: =IFERROR(IF(VLOOKUP(A10,Adequacy!$A:$G,7,0)="","",VLOOKUP(A10,Adequacy!$A:$G,7,0)),"") | T10: =IFERROR(IF(VLOOKUP(A10,Adequacy!$A:$H,8,0)="","",VLOOKUP(A10,Adequacy!$A:$H,8,0)),"") | U10: =IFERROR(IF(VLOOKUP(A10,Adequacy!$A:$J,10,0)="","",VLOOKUP(A10,Adequacy!$A:$J,10,0)),"") | V10: =IFERROR(IF(VLOOKUP(A10,'Water Quality Score'!$A:$C,3,0)="","",VLOOKUP(A10,'Water Quality Score'!$A:$C,3,0)),"") -> yes | W10: =IFERROR(IF(VLOOKUP(A10,'Water Quality Score'!$A:$D,4,0)="","",VLOOKUP(A10,'Water Quality Score'!$A:$D,4,0)),"") | X10: =IFERROR(IF(VLOOKUP(A10,'Water Quality Score'!$A:$E,5,0)="","",VLOOKUP(A10,'Water Quality Score'!$A:$E,5,0)),"") | Y10: =IFERROR(IF(VLOOKUP(A10,'Water Quality Score'!$A:$F,6,0)="","",VLOOKUP(A10,'Water Quality Score'!$A:$F,6,0)),"") -> 0.2 | Z10: =IFERROR(IF(VLOOKUP(A10,'Reliability score'!$A:$C,3,0)="","",VLOOKUP(A10,'Reliability score'!$A:$C,3,0)),"") -> 12 | AA10: =IFERROR(IF(VLOOKUP(A10,'Reliability score'!$A:$D,4,0)="","",VLOOKUP(A10,'Reliability score'!$A:$D,4,0)),"") -> 0.71428571 | AB10: =IFERROR(IF(VLOOKUP(A10,NRW!$A:$C,3,0)="","",VLOOKUP(A10,NRW!$A:$C,3,0)),"") | AC10: =IFERROR(IF(VLOOKUP(A10,NRW!$A:$D,4,0)="","",VLOOKUP(A10,NRW!$A:$D,4,0)),"") | AD10: =IFERROR(IF(VLOOKUP(A10,NRW!$A:$E,5,0)="","",VLOOKUP(A10,NRW!$A:$E,5,0)),"") | AE10: =IFERROR(IF(VLOOKUP(A10,NRW!$A:$F,6,0)="","",VLOOKUP(A10,NRW!$A:$F,6,0)),"") | AF10: =IFERROR(IF(VLOOKUP(A10,NRW!$A:$G,7,0)="","",VLOOKUP(A10,NRW!$A:$G,7,0)),"") | AG10: =IFERROR(IF(OR(VLOOKUP(A10,NRW!$A:$H,8,0)="",VLOOKUP(A10,NRW!$A:$H,8,0)=0),"",VLOOKUP(A10,NRW!$A:$H,8,0)),"") | AH10: =IFERROR(IF(VLOOKUP(A10,'O&M score'!$A:$D,4,0)="","",VLOOKUP(A10,'O&M score'!$A:$D,4,0)),"") | AI10: =IFERROR(IF(VLOOKUP(A10,'O&M score'!$A:$E,5,0)="","",VLOOKUP(A10,'O&M score'!$A:$E,5,0)),"") | AJ10: =IFERROR(IF(VLOOKUP(A10,'O&M score'!$A:$F,6,0)="","",VLOOKUP(A10,'O&M score'!$A:$F,6,0)),"") | AK10: =IFERROR(IF(VLOOKUP(A10,'O&M score'!$A:$G,7,0)="","",VLOOKUP(A10,'O&M score'!$A:$G,7,0)),"") | AL10: =IFERROR(IF(VLOOKUP(A10,'Metering Ratio Score'!$A:$C,3,0)="","",VLOOKUP(A10,'Metering Ratio Score'!$A:$C,3,0)),"") | AM10: =IFERROR(IF(VLOOKUP(A10,'Metering Ratio Score'!$A:$D,4,0)="","",VLOOKUP(A10,'Metering Ratio Score'!$A:$D,4,0)),"") | AN10: =IFERROR(IF(VLOOKUP(A10,'Metering Ratio Score'!$A:$E,5,0)="","",VLOOKUP(A10,'Metering Ratio Score'!$A:$E,5,0)),"") | AO10: =IFERROR(IF(VLOOKUP(A10,'Metering Ratio Score'!$A:$F,6,0)="","",VLOOKUP(A10,'Metering Ratio Score'!$A:$F,6,0)),"") | AP10: =IFERROR(IF(VLOOKUP(A10,'Grievance Addressal'!$A:$C,3,0)="","",VLOOKUP(A10,'Grievance Addressal'!$A:$C,3,0)),"") | AQ10: =IFERROR(IF(VLOOKUP(A10,'Grievance Addressal'!$A:$D,4,0)="","",VLOOKUP(A10,'Grievance Addressal'!$A:$D,4,0)),"") -> yes | AR10: =IFERROR(IF(VLOOKUP(A10,'Grievance Addressal'!$A:$E,5,0)="","",VLOOKUP(A10,'Grievance Addressal'!$A:$E,5,0)),"") | AS10: =IFERROR(IF(VLOOKUP(A10,Summary_Index!$A$5:$N$281,7,0)="","",VLOOKUP(A10,Summary_Index!$A$5:$N$281,7,0)),"") | AT10: =IFERROR(IF(VLOOKUP(A10,Summary_Index!$A$5:$N$281,12,0)="","",VLOOKUP(A10,Summary_Index!$A$5:$N$281,12,0)),"") | AU10: =IFERROR(IF(VLOOKUP(A10,Summary_Index!$A$5:$N$281,13,0)="","",VLOOKUP(A10,Summary_Index!$A$5:$N$281,13,0)),"") | AV10: =IFERROR(IF(VLOOKUP(A10,Summary_Index!$A$5:$N$281,14,0)="","",VLOOKUP(A10,Summary_Index!$A$5:$N$281,14,0)),"")
A11: =Spatial!A11 -> 10 | B11: =Spatial!B11 -> Gaur_WSUC | C11: =Spatial!C11 -> Madhesh | D11: =Spatial!D11 -> Rautahat District | E11: =Spatial!E11 -> Municipality | F11: =Spatial!F11 -> Gaur | G11: =IFERROR(Spatial!G11,"") -> 0 | H11: 26.7738 | I11: 85.2792 | J11: =F11&"_"&D11 -> Gaur_Rautahat District | K11: =IFERROR(IF(VLOOKUP(A11,'Service Coverage'!$A:$C,3,0)="","",VLOOKUP(A11,'Service Coverage'!$A:$C,3,0)),"") | L11: =IFERROR(IF(VLOOKUP(A11,'Service Coverage'!$A:$D,4,0)="","",VLOOKUP(A11,'Service Coverage'!$A:$D,4,0)),"") -> 1666 | M11: =IFERROR(IF(VLOOKUP(A11,'Service Coverage'!$A:$E,5,0)="","",VLOOKUP(A11,'Service Coverage'!$A:$E,5,0)),"") | N11: =IFERROR(IF(VLOOKUP(A11,'Service Coverage'!$A:$F,6,0)="","",VLOOKUP(A11,'Service Coverage'!$A:$F,6,0)),"") | O11: =IFERROR(IF(VLOOKUP(A11,'Service Coverage'!$A:$G,7,0)="","",VLOOKUP(A11,'Service Coverage'!$A:$G,7,0)),"") | P11: =IFERROR(IF(VLOOKUP(A11,Adequacy!$A:$C,3,0)="","",VLOOKUP(A11,Adequacy!$A:$C,3,0)),"") | Q11: =IFERROR(IF(VLOOKUP(A11,Adequacy!$A:$D,4,0)="","",VLOOKUP(A11,Adequacy!$A:$D,4,0)),"") -> 675 | R11: =IFERROR(IF(VLOOKUP(A11,Adequacy!$A:$E,5,0)="","",VLOOKUP(A11,Adequacy!$A:$E,5,0)),"") | S11: =IFERROR(IF(VLOOKUP(A11,Adequacy!$A:$G,7,0)="","",VLOOKUP(A11,Adequacy!$A:$G,7,0)),"") | T11: =IFERROR(IF(VLOOKUP(A11,Adequacy!$A:$H,8,0)="","",VLOOKUP(A11,Adequacy!$A:$H,8,0)),"") | U11: =IFERROR(IF(VLOOKUP(A11,Adequacy!$A:$J,10,0)="","",VLOOKUP(A11,Adequacy!$A:$J,10,0)),"") | V11: =IFERROR(IF(VLOOKUP(A11,'Water Quality Score'!$A:$C,3,0)="","",VLOOKUP(A11,'Water Quality Score'!$A:$C,3,0)),"") -> yes | W11: =IFERROR(IF(VLOOKUP(A11,'Water Quality Score'!$A:$D,4,0)="","",VLOOKUP(A11,'Water Quality Score'!$A:$D,4,0)),"") | X11: =IFERROR(IF(VLOOKUP(A11,'Water Quality Score'!$A:$E,5,0)="","",VLOOKUP(A11,'Water Quality Score'!$A:$E,5,0)),"") | Y11: =IFERROR(IF(VLOOKUP(A11,'Water Quality Score'!$A:$F,6,0)="","",VLOOKUP(A11,'Water Quality Score'!$A:$F,6,0)),"") -> 0.2 | Z11: =IFERROR(IF(VLOOKUP(A11,'Reliability score'!$A:$C,3,0)="","",VLOOKUP(A11,'Reliability score'!$A:$C,3,0)),"") -> 11 | AA11: =IFERROR(IF(VLOOKUP(A11,'Reliability score'!$A:$D,4,0)="","",VLOOKUP(A11,'Reliability score'!$A:$D,4,0)),"") -> 0.69047619 | AB11: =IFERROR(IF(VLOOKUP(A11,NRW!$A:$C,3,0)="","",VLOOKUP(A11,NRW!$A:$C,3,0)),"") | AC11: =IFERROR(IF(VLOOKUP(A11,NRW!$A:$D,4,0)="","",VLOOKUP(A11,NRW!$A:$D,4,0)),"") | AD11: =IFERROR(IF(VLOOKUP(A11,NRW!$A:$E,5,0)="","",VLOOKUP(A11,NRW!$A:$E,5,0)),"") | AE11: =IFERROR(IF(VLOOKUP(A11,NRW!$A:$F,6,0)="","",VLOOKUP(A11,NRW!$A:$F,6,0)),"") | AF11: =IFERROR(IF(VLOOKUP(A11,NRW!$A:$G,7,0)="","",VLOOKUP(A11,NRW!$A:$G,7,0)),"") | AG11: =IFERROR(IF(OR(VLOOKUP(A11,NRW!$A:$H,8,0)="",VLOOKUP(A11,NRW!$A:$H,8,0)=0),"",VLOOKUP(A11,NRW!$A:$H,8,0)),"") | AH11: =IFERROR(IF(VLOOKUP(A11,'O&M score'!$A:$D,4,0)="","",VLOOKUP(A11,'O&M score'!$A:$D,4,0)),"") | AI11: =IFERROR(IF(VLOOKUP(A11,'O&M score'!$A:$E,5,0)="","",VLOOKUP(A11,'O&M score'!$A:$E,5,0)),"") | AJ11: =IFERROR(IF(VLOOKUP(A11,'O&M score'!$A:$F,6,0)="","",VLOOKUP(A11,'O&M score'!$A:$F,6,0)),"") | AK11: =IFERROR(IF(VLOOKUP(A11,'O&M score'!$A:$G,7,0)="","",VLOOKUP(A11,'O&M score'!$A:$G,7,0)),"") | AL11: =IFERROR(IF(VLOOKUP(A11,'Metering Ratio Score'!$A:$C,3,0)="","",VLOOKUP(A11,'Metering Ratio Score'!$A:$C,3,0)),"") | AM11: =IFERROR(IF(VLOOKUP(A11,'Metering Ratio Score'!$A:$D,4,0)="","",VLOOKUP(A11,'Metering Ratio Score'!$A:$D,4,0)),"") | AN11: =IFERROR(IF(VLOOKUP(A11,'Metering Ratio Score'!$A:$E,5,0)="","",VLOOKUP(A11,'Metering Ratio Score'!$A:$E,5,0)),"") | AO11: =IFERROR(IF(VLOOKUP(A11,'Metering Ratio Score'!$A:$F,6,0)="","",VLOOKUP(A11,'Metering Ratio Score'!$A:$F,6,0)),"") | AP11: =IFERROR(IF(VLOOKUP(A11,'Grievance Addressal'!$A:$C,3,0)="","",VLOOKUP(A11,'Grievance Addressal'!$A:$C,3,0)),"") | AQ11: =IFERROR(IF(VLOOKUP(A11,'Grievance Addressal'!$A:$D,4,0)="","",VLOOKUP(A11,'Grievance Addressal'!$A:$D,4,0)),"") -> yes | AR11: =IFERROR(IF(VLOOKUP(A11,'Grievance Addressal'!$A:$E,5,0)="","",VLOOKUP(A11,'Grievance Addressal'!$A:$E,5,0)),"") | AS11: =IFERROR(IF(VLOOKUP(A11,Summary_Index!$A$5:$N$281,7,0)="","",VLOOKUP(A11,Summary_Index!$A$5:$N$281,7,0)),"") | AT11: =IFERROR(IF(VLOOKUP(A11,Summary_Index!$A$5:$N$281,12,0)="","",VLOOKUP(A11,Summary_Index!$A$5:$N$281,12,0)),"") | AU11: =IFERROR(IF(VLOOKUP(A11,Summary_Index!$A$5:$N$281,13,0)="","",VLOOKUP(A11,Summary_Index!$A$5:$N$281,13,0)),"") | AV11: =IFERROR(IF(VLOOKUP(A11,Summary_Index!$A$5:$N$281,14,0)="","",VLOOKUP(A11,Summary_Index!$A$5:$N$281,14,0)),"")
A12: =Spatial!A12 -> 11 | B12: =Spatial!B12 -> Beni_WSUC | C12: =Spatial!C12 -> Gandaki | D12: =Spatial!D12 -> Chitwan District | E12: =Spatial!E12 -> Municipality | F12: =Spatial!F12 -> Beni | G12: =IFERROR(Spatial!G12,"") -> 0 | H12: 28.35 | I12: 83.5833 | J12: =F12&"_"&D12 -> Beni_Chitwan District | K12: =IFERROR(IF(VLOOKUP(A12,'Service Coverage'!$A:$C,3,0)="","",VLOOKUP(A12,'Service Coverage'!$A:$C,3,0)),"") -> No | L12: =IFERROR(IF(VLOOKUP(A12,'Service Coverage'!$A:$D,4,0)="","",VLOOKUP(A12,'Service Coverage'!$A:$D,4,0)),"") -> 1143 | M12: =IFERROR(IF(VLOOKUP(A12,'Service Coverage'!$A:$E,5,0)="","",VLOOKUP(A12,'Service Coverage'!$A:$E,5,0)),"") | N12: =IFERROR(IF(VLOOKUP(A12,'Service Coverage'!$A:$F,6,0)="","",VLOOKUP(A12,'Service Coverage'!$A:$F,6,0)),"") | O12: =IFERROR(IF(VLOOKUP(A12,'Service Coverage'!$A:$G,7,0)="","",VLOOKUP(A12,'Service Coverage'!$A:$G,7,0)),"") | P12: =IFERROR(IF(VLOOKUP(A12,Adequacy!$A:$C,3,0)="","",VLOOKUP(A12,Adequacy!$A:$C,3,0)),"") | Q12: =IFERROR(IF(VLOOKUP(A12,Adequacy!$A:$D,4,0)="","",VLOOKUP(A12,Adequacy!$A:$D,4,0)),"") | R12: =IFERROR(IF(VLOOKUP(A12,Adequacy!$A:$E,5,0)="","",VLOOKUP(A12,Adequacy!$A:$E,5,0)),"") | S12: =IFERROR(IF(VLOOKUP(A12,Adequacy!$A:$G,7,0)="","",VLOOKUP(A12,Adequacy!$A:$G,7,0)),"") | T12: =IFERROR(IF(VLOOKUP(A12,Adequacy!$A:$H,8,0)="","",VLOOKUP(A12,Adequacy!$A:$H,8,0)),"") | U12: =IFERROR(IF(VLOOKUP(A12,Adequacy!$A:$J,10,0)="","",VLOOKUP(A12,Adequacy!$A:$J,10,0)),"") | V12: =IFERROR(IF(VLOOKUP(A12,'Water Quality Score'!$A:$C,3,0)="","",VLOOKUP(A12,'Water Quality Score'!$A:$C,3,0)),"") -> yes | W12: =IFERROR(IF(VLOOKUP(A12,'Water Quality Score'!$A:$D,4,0)="","",VLOOKUP(A12,'Water Quality Score'!$A:$D,4,0)),"") | X12: =IFERROR(IF(VLOOKUP(A12,'Water Quality Score'!$A:$E,5,0)="","",VLOOKUP(A12,'Water Quality Score'!$A:$E,5,0)),"") | Y12: =IFERROR(IF(VLOOKUP(A12,'Water Quality Score'!$A:$F,6,0)="","",VLOOKUP(A12,'Water Quality Score'!$A:$F,6,0)),"") -> 0.2 | Z12: =IFERROR(IF(VLOOKUP(A12,'Reliability score'!$A:$C,3,0)="","",VLOOKUP(A12,'Reliability score'!$A:$C,3,0)),"") | AA12: =IFERROR(IF(VLOOKUP(A12,'Reliability score'!$A:$D,4,0)="","",VLOOKUP(A12,'Reliability score'!$A:$D,4,0)),"") | AB12: =IFERROR(IF(VLOOKUP(A12,NRW!$A:$C,3,0)="","",VLOOKUP(A12,NRW!$A:$C,3,0)),"") | AC12: =IFERROR(IF(VLOOKUP(A12,NRW!$A:$D,4,0)="","",VLOOKUP(A12,NRW!$A:$D,4,0)),"") | AD12: =IFERROR(IF(VLOOKUP(A12,NRW!$A:$E,5,0)="","",VLOOKUP(A12,NRW!$A:$E,5,0)),"") | AE12: =IFERROR(IF(VLOOKUP(A12,NRW!$A:$F,6,0)="","",VLOOKUP(A12,NRW!$A:$F,6,0)),"") | AF12: =IFERROR(IF(VLOOKUP(A12,NRW!$A:$G,7,0)="","",VLOOKUP(A12,NRW!$A:$G,7,0)),"") | AG12: =IFERROR(IF(OR(VLOOKUP(A12,NRW!$A:$H,8,0)="",VLOOKUP(A12,NRW!$A:$H,8,0)=0),"",VLOOKUP(A12,NRW!$A:$H,8,0)),"") | AH12: =IFERROR(IF(VLOOKUP(A12,'O&M score'!$A:$D,4,0)="","",VLOOKUP(A12,'O&M score'!$A:$D,4,0)),"") | AI12: =IFERROR(IF(VLOOKUP(A12,'O&M score'!$A:$E,5,0)="","",VLOOKUP(A12,'O&M score'!$A:$E,5,0)),"") | AJ12: =IFERROR(IF(VLOOKUP(A12,'O&M score'!$A:$F,6,0)="","",VLOOKUP(A12,'O&M score'!$A:$F,6,0)),"") | AK12: =IFERROR(IF(VLOOKUP(A12,'O&M score'!$A:$G,7,0)="","",VLOOKUP(A12,'O&M score'!$A:$G,7,0)),"") | AL12: =IFERROR(IF(VLOOKUP(A12,'Metering Ratio Score'!$A:$C,3,0)="","",VLOOKUP(A12,'Metering Ratio Score'!$A:$C,3,0)),"") -> 1216 | AM12: =IFERROR(IF(VLOOKUP(A12,'Metering Ratio Score'!$A:$D,4,0)="","",VLOOKUP(A12,'Metering Ratio Score'!$A:$D,4,0)),"") | AN12: =IFERROR(IF(VLOOKUP(A12,'Metering Ratio Score'!$A:$E,5,0)="","",VLOOKUP(A12,'Metering Ratio Score'!$A:$E,5,0)),"") | AO12: =IFERROR(IF(VLOOKUP(A12,'Metering Ratio Score'!$A:$F,6,0)="","",VLOOKUP(A12,'Metering Ratio Score'!$A:$F,6,0)),"") | AP12: =IFERROR(IF(VLOOKUP(A12,'Grievance Addressal'!$A:$C,3,0)="","",VLOOKUP(A12,'Grievance Addressal'!$A:$C,3,0)),"") | AQ12: =IFERROR(IF(VLOOKUP(A12,'Grievance Addressal'!$A:$D,4,0)="","",VLOOKUP(A12,'Grievance Addressal'!$A:$D,4,0)),"") -> yes | AR12: =IFERROR(IF(VLOOKUP(A12,'Grievance Addressal'!$A:$E,5,0)="","",VLOOKUP(A12,'Grievance Addressal'!$A:$E,5,0)),"") | AS12: =IFERROR(IF(VLOOKUP(A12,Summary_Index!$A$5:$N$281,7,0)="","",VLOOKUP(A12,Summary_Index!$A$5:$N$281,7,0)),"") | AT12: =IFERROR(IF(VLOOKUP(A12,Summary_Index!$A$5:$N$281,12,0)="","",VLOOKUP(A12,Summary_Index!$A$5:$N$281,12,0)),"") | AU12: =IFERROR(IF(VLOOKUP(A12,Summary_Index!$A$5:$N$281,13,0)="","",VLOOKUP(A12,Summary_Index!$A$5:$N$281,13,0)),"") | AV12: =IFERROR(IF(VLOOKUP(A12,Summary_Index!$A$5:$N$281,14,0)="","",VLOOKUP(A12,Summary_Index!$A$5:$N$281,14,0)),"")
A13: =Spatial!A13 -> 12 | B13: =Spatial!B13 -> Narayansthan_WSUC | C13: =Spatial!C13 -> Gandaki | D13: =Spatial!D13 -> Chitwan District | E13: =Spatial!E13 -> Municipality | F13: =Spatial!F13 -> Baglung | G13: =IFERROR(Spatial!G13,"") -> 0 | H13: 28.2712 | I13: 83.5876 | J13: =F13&"_"&D13 -> Baglung_Chitwan District | K13: =IFERROR(IF(VLOOKUP(A13,'Service Coverage'!$A:$C,3,0)="","",VLOOKUP(A13,'Service Coverage'!$A:$C,3,0)),"") -> No | L13: =IFERROR(IF(VLOOKUP(A13,'Service Coverage'!$A:$D,4,0)="","",VLOOKUP(A13,'Service Coverage'!$A:$D,4,0)),"") -> 907 | M13: =IFERROR(IF(VLOOKUP(A13,'Service Coverage'!$A:$E,5,0)="","",VLOOKUP(A13,'Service Coverage'!$A:$E,5,0)),"") | N13: =IFERROR(IF(VLOOKUP(A13,'Service Coverage'!$A:$F,6,0)="","",VLOOKUP(A13,'Service Coverage'!$A:$F,6,0)),"") | O13: =IFERROR(IF(VLOOKUP(A13,'Service Coverage'!$A:$G,7,0)="","",VLOOKUP(A13,'Service Coverage'!$A:$G,7,0)),"") | P13: =IFERROR(IF(VLOOKUP(A13,Adequacy!$A:$C,3,0)="","",VLOOKUP(A13,Adequacy!$A:$C,3,0)),"") | Q13: =IFERROR(IF(VLOOKUP(A13,Adequacy!$A:$D,4,0)="","",VLOOKUP(A13,Adequacy!$A:$D,4,0)),"") | R13: =IFERROR(IF(VLOOKUP(A13,Adequacy!$A:$E,5,0)="","",VLOOKUP(A13,Adequacy!$A:$E,5,0)),"") | S13: =IFERROR(IF(VLOOKUP(A13,Adequacy!$A:$G,7,0)="","",VLOOKUP(A13,Adequacy!$A:$G,7,0)),"") | T13: =IFERROR(IF(VLOOKUP(A13,Adequacy!$A:$H,8,0)="","",VLOOKUP(A13,Adequacy!$A:$H,8,0)),"") | U13: =IFERROR(IF(VLOOKUP(A13,Adequacy!$A:$J,10,0)="","",VLOOKUP(A13,Adequacy!$A:$J,10,0)),"") | V13: =IFERROR(IF(VLOOKUP(A13,'Water Quality Score'!$A:$C,3,0)="","",VLOOKUP(A13,'Water Quality Score'!$A:$C,3,0)),"") -> Yes | W13: =IFERROR(IF(VLOOKUP(A13,'Water Quality Score'!$A:$D,4,0)="","",VLOOKUP(A13,'Water Quality Score'!$A:$D,4,0)),"") | X13: =IFERROR(IF(VLOOKUP(A13,'Water Quality Score'!$A:$E,5,0)="","",VLOOKUP(A13,'Water Quality Score'!$A:$E,5,0)),"") | Y13: =IFERROR(IF(VLOOKUP(A13,'Water Quality Score'!$A:$F,6,0)="","",VLOOKUP(A13,'Water Quality Score'!$A:$F,6,0)),"") -> 0.2 | Z13: =IFERROR(IF(VLOOKUP(A13,'Reliability score'!$A:$C,3,0)="","",VLOOKUP(A13,'Reliability score'!$A:$C,3,0)),"") | AA13: =IFERROR(IF(VLOOKUP(A13,'Reliability score'!$A:$D,4,0)="","",VLOOKUP(A13,'Reliability score'!$A:$D,4,0)),"") | AB13: =IFERROR(IF(VLOOKUP(A13,NRW!$A:$C,3,0)="","",VLOOKUP(A13,NRW!$A:$C,3,0)),"") | AC13: =IFERROR(IF(VLOOKUP(A13,NRW!$A:$D,4,0)="","",VLOOKUP(A13,NRW!$A:$D,4,0)),"") | AD13: =IFERROR(IF(VLOOKUP(A13,NRW!$A:$E,5,0)="","",VLOOKUP(A13,NRW!$A:$E,5,0)),"") | AE13: =IFERROR(IF(VLOOKUP(A13,NRW!$A:$F,6,0)="","",VLOOKUP(A13,NRW!$A:$F,6,0)),"") | AF13: =IFERROR(IF(VLOOKUP(A13,NRW!$A:$G,7,0)="","",VLOOKUP(A13,NRW!$A:$G,7,0)),"") | AG13: =IFERROR(IF(OR(VLOOKUP(A13,NRW!$A:$H,8,0)="",VLOOKUP(A13,NRW!$A:$H,8,0)=0),"",VLOOKUP(A13,NRW!$A:$H,8,0)),"") | AH13: =IFERROR(IF(VLOOKUP(A13,'O&M score'!$A:$D,4,0)="","",VLOOKUP(A13,'O&M score'!$A:$D,4,0)),"") -> 2373000 | AI13: =IFERROR(IF(VLOOKUP(A13,'O&M score'!$A:$E,5,0)="","",VLOOKUP(A13,'O&M score'!$A:$E,5,0)),"") -> 2468000 | AJ13: =IFERROR(IF(VLOOKUP(A13,'O&M score'!$A:$F,6,0)="","",VLOOKUP(A13,'O&M score'!$A:$F,6,0)),"") -> 0.96150729 | AK13: =IFERROR(IF(VLOOKUP(A13,'O&M score'!$A:$G,7,0)="","",VLOOKUP(A13,'O&M score'!$A:$G,7,0)),"") -> 0.47698541 | AL13: =IFERROR(IF(VLOOKUP(A13,'Metering Ratio Score'!$A:$C,3,0)="","",VLOOKUP(A13,'Metering Ratio Score'!$A:$C,3,0)),"") -> 907 | AM13: =IFERROR(IF(VLOOKUP(A13,'Metering Ratio Score'!$A:$D,4,0)="","",VLOOKUP(A13,'Metering Ratio Score'!$A:$D,4,0)),"") | AN13: =IFERROR(IF(VLOOKUP(A13,'Metering Ratio Score'!$A:$E,5,0)="","",VLOOKUP(A13,'Metering Ratio Score'!$A:$E,5,0)),"") | AO13: =IFERROR(IF(VLOOKUP(A13,'Metering Ratio Score'!$A:$F,6,0)="","",VLOOKUP(A13,'Metering Ratio Score'!$A:$F,6,0)),"") | AP13: =IFERROR(IF(VLOOKUP(A13,'Grievance Addressal'!$A:$C,3,0)="","",VLOOKUP(A13,'Grievance Addressal'!$A:$C,3,0)),"") | AQ13: =IFERROR(IF(VLOOKUP(A13,'Grievance Addressal'!$A:$D,4,0)="","",VLOOKUP(A13,'Grievance Addressal'!$A:$D,4,0)),"") -> yes | AR13: =IFERROR(IF(VLOOKUP(A13,'Grievance Addressal'!$A:$E,5,0)="","",VLOOKUP(A13,'Grievance Addressal'!$A:$E,5,0)),"") | AS13: =IFERROR(IF(VLOOKUP(A13,Summary_Index!$A$5:$N$281,7,0)="","",VLOOKUP(A13,Summary_Index!$A$5:$N$281,7,0)),"") | AT13: =IFERROR(IF(VLOOKUP(A13,Summary_Index!$A$5:$N$281,12,0)="","",VLOOKUP(A13,Summary_Index!$A$5:$N$281,12,0)),"") | AU13: =IFERROR(IF(VLOOKUP(A13,Summary_Index!$A$5:$N$281,13,0)="","",VLOOKUP(A13,Summary_Index!$A$5:$N$281,13,0)),"") | AV13: =IFERROR(IF(VLOOKUP(A13,Summary_Index!$A$5:$N$281,14,0)="","",VLOOKUP(A13,Summary_Index!$A$5:$N$281,14,0)),"")
... A35: =Spatial!A35 -> 34 | B35: =Spatial!B35 -> Ghorahi_WSUC | C35: =Spatial!C35 -> 0 | D35: =Spatial!D35 -> 0 | E35: =Spatial!E35 -> Municipality | F35: =Spatial!F35 -> Dang | G35: =IFERROR(Spatial!G35,"") -> 0 | H35: 28.0333 | I35: 82.4833 | J35: =F35&"_"&D35 -> Dang_0 | K35: =IFERROR(IF(VLOOKUP(A35,'Service Coverage'!$A:$C,3,0)="","",VLOOKUP(A35,'Service Coverage'!$A:$C,3,0)),"") -> No | L35: =IFERROR(IF(VLOOKUP(A35,'Service Coverage'!$A:$D,4,0)="","",VLOOKUP(A35,'Service Coverage'!$A:$D,4,0)),"") -> 8385 | M35: =IFERROR(IF(VLOOKUP(A35,'Service Coverage'!$A:$E,5,0)="","",VLOOKUP(A35,'Service Coverage'!$A:$E,5,0)),"") | N35: =IFERROR(IF(VLOOKUP(A35,'Service Coverage'!$A:$F,6,0)="","",VLOOKUP(A35,'Service Coverage'!$A:$F,6,0)),"") | O35: =IFERROR(IF(VLOOKUP(A35,'Service Coverage'!$A:$G,7,0)="","",VLOOKUP(A35,'Service Coverage'!$A:$G,7,0)),"") | P35: =IFERROR(IF(VLOOKUP(A35,Adequacy!$A:$C,3,0)="","",VLOOKUP(A35,Adequacy!$A:$C,3,0)),"") | Q35: =IFERROR(IF(VLOOKUP(A35,Adequacy!$A:$D,4,0)="","",VLOOKUP(A35,Adequacy!$A:$D,4,0)),"") | R35: =IFERROR(IF(VLOOKUP(A35,Adequacy!$A:$E,5,0)="","",VLOOKUP(A35,Adequacy!$A:$E,5,0)),"") | S35: =IFERROR(IF(VLOOKUP(A35,Adequacy!$A:$G,7,0)="","",VLOOKUP(A35,Adequacy!$A:$G,7,0)),"") | T35: =IFERROR(IF(VLOOKUP(A35,Adequacy!$A:$H,8,0)="","",VLOOKUP(A35,Adequacy!$A:$H,8,0)),"") | U35: =IFERROR(IF(VLOOKUP(A35,Adequacy!$A:$J,10,0)="","",VLOOKUP(A35,Adequacy!$A:$J,10,0)),"") | V35: =IFERROR(IF(VLOOKUP(A35,'Water Quality Score'!$A:$C,3,0)="","",VLOOKUP(A35,'Water Quality Score'!$A:$C,3,0)),"") -> yes | W35: =IFERROR(IF(VLOOKUP(A35,'Water Quality Score'!$A:$D,4,0)="","",VLOOKUP(A35,'Water Quality Score'!$A:$D,4,0)),"") | X35: =IFERROR(IF(VLOOKUP(A35,'Water Quality Score'!$A:$E,5,0)="","",VLOOKUP(A35,'Water Quality Score'!$A:$E,5,0)),"") | Y35: =IFERROR(IF(VLOOKUP(A35,'Water Quality Score'!$A:$F,6,0)="","",VLOOKUP(A35,'Water Quality Score'!$A:$F,6,0)),"") -> 0.2 | Z35: =IFERROR(IF(VLOOKUP(A35,'Reliability score'!$A:$C,3,0)="","",VLOOKUP(A35,'Reliability score'!$A:$C,3,0)),"") | AA35: =IFERROR(IF(VLOOKUP(A35,'Reliability score'!$A:$D,4,0)="","",VLOOKUP(A35,'Reliability score'!$A:$D,4,0)),"") | AB35: =IFERROR(IF(VLOOKUP(A35,NRW!$A:$C,3,0)="","",VLOOKUP(A35,NRW!$A:$C,3,0)),"") | AC35: =IFERROR(IF(VLOOKUP(A35,NRW!$A:$D,4,0)="","",VLOOKUP(A35,NRW!$A:$D,4,0)),"") | AD35: =IFERROR(IF(VLOOKUP(A35,NRW!$A:$E,5,0)="","",VLOOKUP(A35,NRW!$A:$E,5,0)),"") | AE35: =IFERROR(IF(VLOOKUP(A35,NRW!$A:$F,6,0)="","",VLOOKUP(A35,NRW!$A:$F,6,0)),"") | AF35: =IFERROR(IF(VLOOKUP(A35,NRW!$A:$G,7,0)="","",VLOOKUP(A35,NRW!$A:$G,7,0)),"") | AG35: =IFERROR(IF(OR(VLOOKUP(A35,NRW!$A:$H,8,0)="",VLOOKUP(A35,NRW!$A:$H,8,0)=0),"",VLOOKUP(A35,NRW!$A:$H,8,0)),"") | AH35: =IFERROR(IF(VLOOKUP(A35,'O&M score'!$A:$D,4,0)="","",VLOOKUP(A35,'O&M score'!$A:$D,4,0)),"") | AI35: =IFERROR(IF(VLOOKUP(A35,'O&M score'!$A:$E,5,0)="","",VLOOKUP(A35,'O&M score'!$A:$E,5,0)),"") | AJ35: =IFERROR(IF(VLOOKUP(A35,'O&M score'!$A:$F,6,0)="","",VLOOKUP(A35,'O&M score'!$A:$F,6,0)),"") | AK35: =IFERROR(IF(VLOOKUP(A35,'O&M score'!$A:$G,7,0)="","",VLOOKUP(A35,'O&M score'!$A:$G,7,0)),"") | AL35: =IFERROR(IF(VLOOKUP(A35,'Metering Ratio Score'!$A:$C,3,0)="","",VLOOKUP(A35,'Metering Ratio Score'!$A:$C,3,0)),"") -> 8300 | AM35: =IFERROR(IF(VLOOKUP(A35,'Metering Ratio Score'!$A:$D,4,0)="","",VLOOKUP(A35,'Metering Ratio Score'!$A:$D,4,0)),"") | AN35: =IFERROR(IF(VLOOKUP(A35,'Metering Ratio Score'!$A:$E,5,0)="","",VLOOKUP(A35,'Metering Ratio Score'!$A:$E,5,0)),"") | AO35: =IFERROR(IF(VLOOKUP(A35,'Metering Ratio Score'!$A:$F,6,0)="","",VLOOKUP(A35,'Metering Ratio Score'!$A:$F,6,0)),"") | AP35: =IFERROR(IF(VLOOKUP(A35,'Grievance Addressal'!$A:$C,3,0)="","",VLOOKUP(A35,'Grievance Addressal'!$A:$C,3,0)),"") | AQ35: =IFERROR(IF(VLOOKUP(A35,'Grievance Addressal'!$A:$D,4,0)="","",VLOOKUP(A35,'Grievance Addressal'!$A:$D,4,0)),"") -> yes | AR35: =IFERROR(IF(VLOOKUP(A35,'Grievance Addressal'!$A:$E,5,0)="","",VLOOKUP(A35,'Grievance Addressal'!$A:$E,5,0)),"") | AS35: =IFERROR(IF(VLOOKUP(A35,Summary_Index!$A$5:$N$281,7,0)="","",VLOOKUP(A35,Summary_Index!$A$5:$N$281,7,0)),"") | AT35: =IFERROR(IF(VLOOKUP(A35,Summary_Index!$A$5:$N$281,12,0)="","",VLOOKUP(A35,Summary_Index!$A$5:$N$281,12,0)),"") | AU35: =IFERROR(IF(VLOOKUP(A35,Summary_Index!$A$5:$N$281,13,0)="","",VLOOKUP(A35,Summary_Index!$A$5:$N$281,13,0)),"") | AV35: =IFERROR(IF(VLOOKUP(A35,Summary_Index!$A$5:$N$281,14,0)="","",VLOOKUP(A35,Summary_Index!$A$5:$N$281,14,0)),"")
A36: =Spatial!A36 -> 35 | B36: Yasok Sukkha Area Tamor Pumping_WSUC | C36: =Spatial!C36 -> Koshi | D36: =Spatial!D36 -> Panchthar District | E36: =Spatial!E36 -> Rural municipality | F36: =Spatial!F36 -> kummayak | G36: =IFERROR(Spatial!G36,"") -> 1,3,4,5 | J36: =F36&"_"&D36 -> kummayak _Panchthar District | K36: =IFERROR(IF(VLOOKUP(A36,'Service Coverage'!$A:$C,3,0)="","",VLOOKUP(A36,'Service Coverage'!$A:$C,3,0)),"") -> No | L36: =IFERROR(IF(VLOOKUP(A36,'Service Coverage'!$A:$D,4,0)="","",VLOOKUP(A36,'Service Coverage'!$A:$D,4,0)),"") -> 2275 | M36: =IFERROR(IF(VLOOKUP(A36,'Service Coverage'!$A:$E,5,0)="","",VLOOKUP(A36,'Service Coverage'!$A:$E,5,0)),"") -> 3343 | N36: =IFERROR(IF(VLOOKUP(A36,'Service Coverage'!$A:$F,6,0)="","",VLOOKUP(A36,'Service Coverage'!$A:$F,6,0)),"") -> 68.052647 | O36: =IFERROR(IF(VLOOKUP(A36,'Service Coverage'!$A:$G,7,0)="","",VLOOKUP(A36,'Service Coverage'!$A:$G,7,0)),"") -> 0.20131618 | P36: =IFERROR(IF(VLOOKUP(A36,Adequacy!$A:$C,3,0)="","",VLOOKUP(A36,Adequacy!$A:$C,3,0)),"") -> Pumped | Q36: =IFERROR(IF(VLOOKUP(A36,Adequacy!$A:$D,4,0)="","",VLOOKUP(A36,Adequacy!$A:$D,4,0)),"") -> 24000 | R36: =IFERROR(IF(VLOOKUP(A36,Adequacy!$A:$E,5,0)="","",VLOOKUP(A36,Adequacy!$A:$E,5,0)),"") -> 9100 | S36: =IFERROR(IF(VLOOKUP(A36,Adequacy!$A:$G,7,0)="","",VLOOKUP(A36,Adequacy!$A:$G,7,0)),"") -> 87.912088 | T36: =IFERROR(IF(VLOOKUP(A36,Adequacy!$A:$H,8,0)="","",VLOOKUP(A36,Adequacy!$A:$H,8,0)),"") -> 100 | U36: =IFERROR(IF(VLOOKUP(A36,Adequacy!$A:$J,10,0)="","",VLOOKUP(A36,Adequacy!$A:$J,10,0)),"") -> 0.78021978 | V36: =IFERROR(IF(VLOOKUP(A36,'Water Quality Score'!$A:$C,3,0)="","",VLOOKUP(A36,'Water Quality Score'!$A:$C,3,0)),"") -> Yes | W36: =IFERROR(IF(VLOOKUP(A36,'Water Quality Score'!$A:$D,4,0)="","",VLOOKUP(A36,'Water Quality Score'!$A:$D,4,0)),"") -> YES | X36: =IFERROR(IF(VLOOKUP(A36,'Water Quality Score'!$A:$E,5,0)="","",VLOOKUP(A36,'Water Quality Score'!$A:$E,5,0)),"") -> YES | Y36: =IFERROR(IF(VLOOKUP(A36,'Water Quality Score'!$A:$F,6,0)="","",VLOOKUP(A36,'Water Quality Score'!$A:$F,6,0)),"") -> 1 | Z36: =IFERROR(IF(VLOOKUP(A36,'Reliability score'!$A:$C,3,0)="","",VLOOKUP(A36,'Reliability score'!$A:$C,3,0)),"") -> 3 | AA36: =IFERROR(IF(VLOOKUP(A36,'Reliability score'!$A:$D,4,0)="","",VLOOKUP(A36,'Reliability score'!$A:$D,4,0)),"") -> 0.5 | AB36: =IFERROR(IF(VLOOKUP(A36,NRW!$A:$C,3,0)="","",VLOOKUP(A36,NRW!$A:$C,3,0)),"") -> Yes | AC36: =IFERROR(IF(VLOOKUP(A36,NRW!$A:$D,4,0)="","",VLOOKUP(A36,NRW!$A:$D,4,0)),"") -> No | AD36: =IFERROR(IF(VLOOKUP(A36,NRW!$A:$E,5,0)="","",VLOOKUP(A36,NRW!$A:$E,5,0)),"") -> No | AE36: =IFERROR(IF(VLOOKUP(A36,NRW!$A:$F,6,0)="","",VLOOKUP(A36,NRW!$A:$F,6,0)),"") -> No | AF36: =IFERROR(IF(VLOOKUP(A36,NRW!$A:$G,7,0)="","",VLOOKUP(A36,NRW!$A:$G,7,0)),"") -> No | AG36: =IFERROR(IF(OR(VLOOKUP(A36,NRW!$A:$H,8,0)="",VLOOKUP(A36,NRW!$A:$H,8,0)=0),"",VLOOKUP(A36,NRW!$A:$H,8,0)),"") | AH36: =IFERROR(IF(VLOOKUP(A36,'O&M score'!$A:$D,4,0)="","",VLOOKUP(A36,'O&M score'!$A:$D,4,0)),"") -> 11686244 | AI36: =IFERROR(IF(VLOOKUP(A36,'O&M score'!$A:$E,5,0)="","",VLOOKUP(A36,'O&M score'!$A:$E,5,0)),"") -> 12421357 | AJ36: =IFERROR(IF(VLOOKUP(A36,'O&M score'!$A:$F,6,0)="","",VLOOKUP(A36,'O&M score'!$A:$F,6,0)),"") -> 0.9408186 | AK36: =IFERROR(IF(VLOOKUP(A36,'O&M score'!$A:$G,7,0)="","",VLOOKUP(A36,'O&M score'!$A:$G,7,0)),"") -> 0.5183628 | AL36: =IFERROR(IF(VLOOKUP(A36,'Metering Ratio Score'!$A:$C,3,0)="","",VLOOKUP(A36,'Metering Ratio Score'!$A:$C,3,0)),"") -> 1565 | AM36: =IFERROR(IF(VLOOKUP(A36,'Metering Ratio Score'!$A:$D,4,0)="","",VLOOKUP(A36,'Metering Ratio Score'!$A:$D,4,0)),"") -> 2205 | AN36: =IFERROR(IF(VLOOKUP(A36,'Metering Ratio Score'!$A:$E,5,0)="","",VLOOKUP(A36,'Metering Ratio Score'!$A:$E,5,0)),"") -> 70.975057 | AO36: =IFERROR(IF(VLOOKUP(A36,'Metering Ratio Score'!$A:$F,6,0)="","",VLOOKUP(A36,'Metering Ratio Score'!$A:$F,6,0)),"") -> 0.27437642 | AP36: =IFERROR(IF(VLOOKUP(A36,'Grievance Addressal'!$A:$C,3,0)="","",VLOOKUP(A36,'Grievance Addressal'!$A:$C,3,0)),"") -> Yes | AQ36: =IFERROR(IF(VLOOKUP(A36,'Grievance Addressal'!$A:$D,4,0)="","",VLOOKUP(A36,'Grievance Addressal'!$A:$D,4,0)),"") -> Yes | AR36: =IFERROR(IF(VLOOKUP(A36,'Grievance Addressal'!$A:$E,5,0)="","",VLOOKUP(A36,'Grievance Addressal'!$A:$E,5,0)),"") -> 1 | AS36: =IFERROR(IF(VLOOKUP(A36,Summary_Index!$A$5:$N$281,7,0)="","",VLOOKUP(A36,Summary_Index!$A$5:$N$281,7,0)),"") -> 65.6 | AT36: =IFERROR(IF(VLOOKUP(A36,Summary_Index!$A$5:$N$281,12,0)="","",VLOOKUP(A36,Summary_Index!$A$5:$N$281,12,0)),"") -> 43.4 | AU36: =IFERROR(IF(VLOOKUP(A36,Summary_Index!$A$5:$N$281,13,0)="","",VLOOKUP(A36,Summary_Index!$A$5:$N$281,13,0)),"") -> 7 | AV36: =IFERROR(IF(VLOOKUP(A36,Summary_Index!$A$5:$N$281,14,0)="","",VLOOKUP(A36,Summary_Index!$A$5:$N$281,14,0)),"") -> 7. Inactive — Functioning Level
A37: =Spatial!A37 -> 36 | B37: =Spatial!B37 -> Phidim_WSUC | C37: =Spatial!C37 -> Koshi | D37: =Spatial!D37 -> Panchthar District | E37: =Spatial!E37 -> Municipality | F37: =Spatial!F37 -> Phidim | G37: =IFERROR(Spatial!G37,"") -> 1,2,4 | J37: =F37&"_"&D37 -> Phidim_Panchthar District | K37: =IFERROR(IF(VLOOKUP(A37,'Service Coverage'!$A:$C,3,0)="","",VLOOKUP(A37,'Service Coverage'!$A:$C,3,0)),"") -> No | L37: =IFERROR(IF(VLOOKUP(A37,'Service Coverage'!$A:$D,4,0)="","",VLOOKUP(A37,'Service Coverage'!$A:$D,4,0)),"") -> 2997 | M37: =IFERROR(IF(VLOOKUP(A37,'Service Coverage'!$A:$E,5,0)="","",VLOOKUP(A37,'Service Coverage'!$A:$E,5,0)),"") -> 3897 | N37: =IFERROR(IF(VLOOKUP(A37,'Service Coverage'!$A:$F,6,0)="","",VLOOKUP(A37,'Service Coverage'!$A:$F,6,0)),"") -> 76.905312 | O37: =IFERROR(IF(VLOOKUP(A37,'Service Coverage'!$A:$G,7,0)="","",VLOOKUP(A37,'Service Coverage'!$A:$G,7,0)),"") -> 0.42263279 | P37: =IFERROR(IF(VLOOKUP(A37,Adequacy!$A:$C,3,0)="","",VLOOKUP(A37,Adequacy!$A:$C,3,0)),"") -> Gravity | Q37: =IFERROR(IF(VLOOKUP(A37,Adequacy!$A:$D,4,0)="","",VLOOKUP(A37,Adequacy!$A:$D,4,0)),"") -> 132000 | R37: =IFERROR(IF(VLOOKUP(A37,Adequacy!$A:$E,5,0)="","",VLOOKUP(A37,Adequacy!$A:$E,5,0)),"") -> 11988 | S37: =IFERROR(IF(VLOOKUP(A37,Adequacy!$A:$G,7,0)="","",VLOOKUP(A37,Adequacy!$A:$G,7,0)),"") -> 367.0337 | T37: =IFERROR(IF(VLOOKUP(A37,Adequacy!$A:$H,8,0)="","",VLOOKUP(A37,Adequacy!$A:$H,8,0)),"") -> 120 | U37: =IFERROR(IF(VLOOKUP(A37,Adequacy!$A:$J,10,0)="","",VLOOKUP(A37,Adequacy!$A:$J,10,0)),"") -> 1 | V37: =IFERROR(IF(VLOOKUP(A37,'Water Quality Score'!$A:$C,3,0)="","",VLOOKUP(A37,'Water Quality Score'!$A:$C,3,0)),"") -> Yes | W37: =IFERROR(IF(VLOOKUP(A37,'Water Quality Score'!$A:$D,4,0)="","",VLOOKUP(A37,'Water Quality Score'!$A:$D,4,0)),"") -> Yes | X37: =IFERROR(IF(VLOOKUP(A37,'Water Quality Score'!$A:$E,5,0)="","",VLOOKUP(A37,'Water Quality Score'!$A:$E,5,0)),"") -> Yes | Y37: =IFERROR(IF(VLOOKUP(A37,'Water Quality Score'!$A:$F,6,0)="","",VLOOKUP(A37,'Water Quality Score'!$A:$F,6,0)),"") -> 1 | Z37: =IFERROR(IF(VLOOKUP(A37,'Reliability score'!$A:$C,3,0)="","",VLOOKUP(A37,'Reliability score'!$A:$C,3,0)),"") -> 1.5 | AA37: =IFERROR(IF(VLOOKUP(A37,'Reliability score'!$A:$D,4,0)="","",VLOOKUP(A37,'Reliability score'!$A:$D,4,0)),"") -> 0 | AB37: =IFERROR(IF(VLOOKUP(A37,NRW!$A:$C,3,0)="","",VLOOKUP(A37,NRW!$A:$C,3,0)),"") -> No | AC37: =IFERROR(IF(VLOOKUP(A37,NRW!$A:$D,4,0)="","",VLOOKUP(A37,NRW!$A:$D,4,0)),"") -> No | AD37: =IFERROR(IF(VLOOKUP(A37,NRW!$A:$E,5,0)="","",VLOOKUP(A37,NRW!$A:$E,5,0)),"") -> No | AE37: =IFERROR(IF(VLOOKUP(A37,NRW!$A:$F,6,0)="","",VLOOKUP(A37,NRW!$A:$F,6,0)),"") -> No | AF37: =IFERROR(IF(VLOOKUP(A37,NRW!$A:$G,7,0)="","",VLOOKUP(A37,NRW!$A:$G,7,0)),"") -> No | AG37: =IFERROR(IF(OR(VLOOKUP(A37,NRW!$A:$H,8,0)="",VLOOKUP(A37,NRW!$A:$H,8,0)=0),"",VLOOKUP(A37,NRW!$A:$H,8,0)),"") | AH37: =IFERROR(IF(VLOOKUP(A37,'O&M score'!$A:$D,4,0)="","",VLOOKUP(A37,'O&M score'!$A:$D,4,0)),"") -> 11000000 | AI37: =IFERROR(IF(VLOOKUP(A37,'O&M score'!$A:$E,5,0)="","",VLOOKUP(A37,'O&M score'!$A:$E,5,0)),"") -> 9000000 | AJ37: =IFERROR(IF(VLOOKUP(A37,'O&M score'!$A:$F,6,0)="","",VLOOKUP(A37,'O&M score'!$A:$F,6,0)),"") -> 1.2222222 | AK37: =IFERROR(IF(VLOOKUP(A37,'O&M score'!$A:$G,7,0)="","",VLOOKUP(A37,'O&M score'!$A:$G,7,0)),"") -> 0 | AL37: =IFERROR(IF(VLOOKUP(A37,'Metering Ratio Score'!$A:$C,3,0)="","",VLOOKUP(A37,'Metering Ratio Score'!$A:$C,3,0)),"") -> 2997 | AM37: =IFERROR(IF(VLOOKUP(A37,'Metering Ratio Score'!$A:$D,4,0)="","",VLOOKUP(A37,'Metering Ratio Score'!$A:$D,4,0)),"") -> 2997 | AN37: =IFERROR(IF(VLOOKUP(A37,'Metering Ratio Score'!$A:$E,5,0)="","",VLOOKUP(A37,'Metering Ratio Score'!$A:$E,5,0)),"") -> 100 | AO37: =IFERROR(IF(VLOOKUP(A37,'Metering Ratio Score'!$A:$F,6,0)="","",VLOOKUP(A37,'Metering Ratio Score'!$A:$F,6,0)),"") -> 1 | AP37: =IFERROR(IF(VLOOKUP(A37,'Grievance Addressal'!$A:$C,3,0)="","",VLOOKUP(A37,'Grievance Addressal'!$A:$C,3,0)),"") -> Yes | AQ37: =IFERROR(IF(VLOOKUP(A37,'Grievance Addressal'!$A:$D,4,0)="","",VLOOKUP(A37,'Grievance Addressal'!$A:$D,4,0)),"") -> Yes | AR37: =IFERROR(IF(VLOOKUP(A37,'Grievance Addressal'!$A:$E,5,0)="","",VLOOKUP(A37,'Grievance Addressal'!$A:$E,5,0)),"") -> 1 | AS37: =IFERROR(IF(VLOOKUP(A37,Summary_Index!$A$5:$N$281,7,0)="","",VLOOKUP(A37,Summary_Index!$A$5:$N$281,7,0)),"") -> 65.6 | AT37: =IFERROR(IF(VLOOKUP(A37,Summary_Index!$A$5:$N$281,12,0)="","",VLOOKUP(A37,Summary_Index!$A$5:$N$281,12,0)),"") -> 45 | AU37: =IFERROR(IF(VLOOKUP(A37,Summary_Index!$A$5:$N$281,13,0)="","",VLOOKUP(A37,Summary_Index!$A$5:$N$281,13,0)),"") -> 7 | AV37: =IFERROR(IF(VLOOKUP(A37,Summary_Index!$A$5:$N$281,14,0)="","",VLOOKUP(A37,Summary_Index!$A$5:$N$281,14,0)),"") -> 7. Inactive — Functioning Level
A38: =Spatial!A38 -> 37 | B38: =Spatial!B38 -> Taplejung_WSUC | C38: =Spatial!C38 -> Koshi | D38: =Spatial!D38 -> Taplejung District | E38: =Spatial!E38 -> Municipality | F38: =Spatial!F38 -> Phungling | G38: =IFERROR(Spatial!G38,"") -> 2,3,4,5,6,7,8 | J38: =F38&"_"&D38 -> Phungling_Taplejung District | K38: =IFERROR(IF(VLOOKUP(A38,'Service Coverage'!$A:$C,3,0)="","",VLOOKUP(A38,'Service Coverage'!$A:$C,3,0)),"") -> No | L38: =IFERROR(IF(VLOOKUP(A38,'Service Coverage'!$A:$D,4,0)="","",VLOOKUP(A38,'Service Coverage'!$A:$D,4,0)),"") -> 2100 | M38: =IFERROR(IF(VLOOKUP(A38,'Service Coverage'!$A:$E,5,0)="","",VLOOKUP(A38,'Service Coverage'!$A:$E,5,0)),"") -> 2385 | N38: =IFERROR(IF(VLOOKUP(A38,'Service Coverage'!$A:$F,6,0)="","",VLOOKUP(A38,'Service Coverage'!$A:$F,6,0)),"") -> 88.050314 | O38: =IFERROR(IF(VLOOKUP(A38,'Service Coverage'!$A:$G,7,0)="","",VLOOKUP(A38,'Service Coverage'!$A:$G,7,0)),"") -> 0.70125786 | P38: =IFERROR(IF(VLOOKUP(A38,Adequacy!$A:$C,3,0)="","",VLOOKUP(A38,Adequacy!$A:$C,3,0)),"") -> Gravity | Q38: =IFERROR(IF(VLOOKUP(A38,Adequacy!$A:$D,4,0)="","",VLOOKUP(A38,Adequacy!$A:$D,4,0)),"") -> 16800 | R38: =IFERROR(IF(VLOOKUP(A38,Adequacy!$A:$E,5,0)="","",VLOOKUP(A38,Adequacy!$A:$E,5,0)),"") -> 8485 | S38: =IFERROR(IF(VLOOKUP(A38,Adequacy!$A:$G,7,0)="","",VLOOKUP(A38,Adequacy!$A:$G,7,0)),"") -> 65.998821 | T38: =IFERROR(IF(VLOOKUP(A38,Adequacy!$A:$H,8,0)="","",VLOOKUP(A38,Adequacy!$A:$H,8,0)),"") -> 120 | U38: =IFERROR(IF(VLOOKUP(A38,Adequacy!$A:$J,10,0)="","",VLOOKUP(A38,Adequacy!$A:$J,10,0)),"") -> 0.18180032 | V38: =IFERROR(IF(VLOOKUP(A38,'Water Quality Score'!$A:$C,3,0)="","",VLOOKUP(A38,'Water Quality Score'!$A:$C,3,0)),"") -> Yes | W38: =IFERROR(IF(VLOOKUP(A38,'Water Quality Score'!$A:$D,4,0)="","",VLOOKUP(A38,'Water Quality Score'!$A:$D,4,0)),"") -> Yes | X38: =IFERROR(IF(VLOOKUP(A38,'Water Quality Score'!$A:$E,5,0)="","",VLOOKUP(A38,'Water Quality Score'!$A:$E,5,0)),"") -> Yes | Y38: =IFERROR(IF(VLOOKUP(A38,'Water Quality Score'!$A:$F,6,0)="","",VLOOKUP(A38,'Water Quality Score'!$A:$F,6,0)),"") -> 1 | Z38: =IFERROR(IF(VLOOKUP(A38,'Reliability score'!$A:$C,3,0)="","",VLOOKUP(A38,'Reliability score'!$A:$C,3,0)),"") -> 5 | AA38: =IFERROR(IF(VLOOKUP(A38,'Reliability score'!$A:$D,4,0)="","",VLOOKUP(A38,'Reliability score'!$A:$D,4,0)),"") -> 0.54761905 | AB38: =IFERROR(IF(VLOOKUP(A38,NRW!$A:$C,3,0)="","",VLOOKUP(A38,NRW!$A:$C,3,0)),"") -> No | AC38: =IFERROR(IF(VLOOKUP(A38,NRW!$A:$D,4,0)="","",VLOOKUP(A38,NRW!$A:$D,4,0)),"") -> No | AD38: =IFERROR(IF(VLOOKUP(A38,NRW!$A:$E,5,0)="","",VLOOKUP(A38,NRW!$A:$E,5,0)),"") -> No | AE38: =IFERROR(IF(VLOOKUP(A38,NRW!$A:$F,6,0)="","",VLOOKUP(A38,NRW!$A:$F,6,0)),"") -> No | AF38: =IFERROR(IF(VLOOKUP(A38,NRW!$A:$G,7,0)="","",VLOOKUP(A38,NRW!$A:$G,7,0)),"") -> No | AG38: =IFERROR(IF(OR(VLOOKUP(A38,NRW!$A:$H,8,0)="",VLOOKUP(A38,NRW!$A:$H,8,0)=0),"",VLOOKUP(A38,NRW!$A:$H,8,0)),"") | AH38: =IFERROR(IF(VLOOKUP(A38,'O&M score'!$A:$D,4,0)="","",VLOOKUP(A38,'O&M score'!$A:$D,4,0)),"") -> 7000000 | AI38: =IFERROR(IF(VLOOKUP(A38,'O&M score'!$A:$E,5,0)="","",VLOOKUP(A38,'O&M score'!$A:$E,5,0)),"") -> 7450000 | AJ38: =IFERROR(IF(VLOOKUP(A38,'O&M score'!$A:$F,6,0)="","",VLOOKUP(A38,'O&M score'!$A:$F,6,0)),"") -> 0.93959732 | AK38: =IFERROR(IF(VLOOKUP(A38,'O&M score'!$A:$G,7,0)="","",VLOOKUP(A38,'O&M score'!$A:$G,7,0)),"") -> 0.52080537 | AL38: =IFERROR(IF(VLOOKUP(A38,'Metering Ratio Score'!$A:$C,3,0)="","",VLOOKUP(A38,'Metering Ratio Score'!$A:$C,3,0)),"") -> 2100 | AM38: =IFERROR(IF(VLOOKUP(A38,'Metering Ratio Score'!$A:$D,4,0)="","",VLOOKUP(A38,'Metering Ratio Score'!$A:$D,4,0)),"") -> 2100 | AN38: =IFERROR(IF(VLOOKUP(A38,'Metering Ratio Score'!$A:$E,5,0)="","",VLOOKUP(A38,'Metering Ratio Score'!$A:$E,5,0)),"") -> 100 | AO38: =IFERROR(IF(VLOOKUP(A38,'Metering Ratio Score'!$A:$F,6,0)="","",VLOOKUP(A38,'Metering Ratio Score'!$A:$F,6,0)),"") -> 1 | AP38: =IFERROR(IF(VLOOKUP(A38,'Grievance Addressal'!$A:$C,3,0)="","",VLOOKUP(A38,'Grievance Addressal'!$A:$C,3,0)),"") -> Yes | AQ38: =IFERROR(IF(VLOOKUP(A38,'Grievance Addressal'!$A:$D,4,0)="","",VLOOKUP(A38,'Grievance Addressal'!$A:$D,4,0)),"") -> Yes | AR38: =IFERROR(IF(VLOOKUP(A38,'Grievance Addressal'!$A:$E,5,0)="","",VLOOKUP(A38,'Grievance Addressal'!$A:$E,5,0)),"") -> 1 | AS38: =IFERROR(IF(VLOOKUP(A38,Summary_Index!$A$5:$N$281,7,0)="","",VLOOKUP(A38,Summary_Index!$A$5:$N$281,7,0)),"") -> 67.1 | AT38: =IFERROR(IF(VLOOKUP(A38,Summary_Index!$A$5:$N$281,12,0)="","",VLOOKUP(A38,Summary_Index!$A$5:$N$281,12,0)),"") -> 58 | AU38: =IFERROR(IF(VLOOKUP(A38,Summary_Index!$A$5:$N$281,13,0)="","",VLOOKUP(A38,Summary_Index!$A$5:$N$281,13,0)),"") -> 5 | AV38: =IFERROR(IF(VLOOKUP(A38,Summary_Index!$A$5:$N$281,14,0)="","",VLOOKUP(A38,Summary_Index!$A$5:$N$281,14,0)),"") -> 5. Improving — Improving Level
A39: =Spatial!A39 -> 38 | B39: =Spatial!B39 -> Ilam Bazaar Urban_WSUC | C39: =Spatial!C39 -> Koshi | D39: =Spatial!D39 -> Ilam District | E39: =Spatial!E39 -> Municipality | F39: =Spatial!F39 -> Ilam | G39: =IFERROR(Spatial!G39,"") -> 5,6,7,8,9 | J39: =F39&"_"&D39 -> Ilam_Ilam District | K39: =IFERROR(IF(VLOOKUP(A39,'Service Coverage'!$A:$C,3,0)="","",VLOOKUP(A39,'Service Coverage'!$A:$C,3,0)),"") -> No | L39: =IFERROR(IF(VLOOKUP(A39,'Service Coverage'!$A:$D,4,0)="","",VLOOKUP(A39,'Service Coverage'!$A:$D,4,0)),"") -> 4400 | M39: =IFERROR(IF(VLOOKUP(A39,'Service Coverage'!$A:$E,5,0)="","",VLOOKUP(A39,'Service Coverage'!$A:$E,5,0)),"") -> 5000 | N39: =IFERROR(IF(VLOOKUP(A39,'Service Coverage'!$A:$F,6,0)="","",VLOOKUP(A39,'Service Coverage'!$A:$F,6,0)),"") -> 88 | O39: =IFERROR(IF(VLOOKUP(A39,'Service Coverage'!$A:$G,7,0)="","",VLOOKUP(A39,'Service Coverage'!$A:$G,7,0)),"") -> 0.7 | P39: =IFERROR(IF(VLOOKUP(A39,Adequacy!$A:$C,3,0)="","",VLOOKUP(A39,Adequacy!$A:$C,3,0)),"") -> Gravity | Q39: =IFERROR(IF(VLOOKUP(A39,Adequacy!$A:$D,4,0)="","",VLOOKUP(A39,Adequacy!$A:$D,4,0)),"") -> 75000 | R39: =IFERROR(IF(VLOOKUP(A39,Adequacy!$A:$E,5,0)="","",VLOOKUP(A39,Adequacy!$A:$E,5,0)),"") -> 22000 | S39: =IFERROR(IF(VLOOKUP(A39,Adequacy!$A:$G,7,0)="","",VLOOKUP(A39,Adequacy!$A:$G,7,0)),"") -> 113.63636 | T39: =IFERROR(IF(VLOOKUP(A39,Adequacy!$A:$H,8,0)="","",VLOOKUP(A39,Adequacy!$A:$H,8,0)),"") -> 120 | U39: =IFERROR(IF(VLOOKUP(A39,Adequacy!$A:$J,10,0)="","",VLOOKUP(A39,Adequacy!$A:$J,10,0)),"") -> 0.90358127 | V39: =IFERROR(IF(VLOOKUP(A39,'Water Quality Score'!$A:$C,3,0)="","",VLOOKUP(A39,'Water Quality Score'!$A:$C,3,0)),"") -> Yes | W39: =IFERROR(IF(VLOOKUP(A39,'Water Quality Score'!$A:$D,4,0)="","",VLOOKUP(A39,'Water Quality Score'!$A:$D,4,0)),"") -> Yes | X39: =IFERROR(IF(VLOOKUP(A39,'Water Quality Score'!$A:$E,5,0)="","",VLOOKUP(A39,'Water Quality Score'!$A:$E,5,0)),"") -> Yes | Y39: =IFERROR(IF(VLOOKUP(A39,'Water Quality Score'!$A:$F,6,0)="","",VLOOKUP(A39,'Water Quality Score'!$A:$F,6,0)),"") -> 1 | Z39: =IFERROR(IF(VLOOKUP(A39,'Reliability score'!$A:$C,3,0)="","",VLOOKUP(A39,'Reliability score'!$A:$C,3,0)),"") -> 8 | AA39: =IFERROR(IF(VLOOKUP(A39,'Reliability score'!$A:$D,4,0)="","",VLOOKUP(A39,'Reliability score'!$A:$D,4,0)),"") -> 0.61904762 | AB39: =IFERROR(IF(VLOOKUP(A39,NRW!$A:$C,3,0)="","",VLOOKUP(A39,NRW!$A:$C,3,0)),"") -> No | AC39: =IFERROR(IF(VLOOKUP(A39,NRW!$A:$D,4,0)="","",VLOOKUP(A39,NRW!$A:$D,4,0)),"") -> No | AD39: =IFERROR(IF(VLOOKUP(A39,NRW!$A:$E,5,0)="","",VLOOKUP(A39,NRW!$A:$E,5,0)),"") -> No | AE39: =IFERROR(IF(VLOOKUP(A39,NRW!$A:$F,6,0)="","",VLOOKUP(A39,NRW!$A:$F,6,0)),"") -> Yes | AF39: =IFERROR(IF(VLOOKUP(A39,NRW!$A:$G,7,0)="","",VLOOKUP(A39,NRW!$A:$G,7,0)),"") -> Yes | AG39: =IFERROR(IF(OR(VLOOKUP(A39,NRW!$A:$H,8,0)="",VLOOKUP(A39,NRW!$A:$H,8,0)=0),"",VLOOKUP(A39,NRW!$A:$H,8,0)),"") | AH39: =IFERROR(IF(VLOOKUP(A39,'O&M score'!$A:$D,4,0)="","",VLOOKUP(A39,'O&M score'!$A:$D,4,0)),"") -> 34000000 | AI39: =IFERROR(IF(VLOOKUP(A39,'O&M score'!$A:$E,5,0)="","",VLOOKUP(A39,'O&M score'!$A:$E,5,0)),"") -> 35000000 | AJ39: =IFERROR(IF(VLOOKUP(A39,'O&M score'!$A:$F,6,0)="","",VLOOKUP(A39,'O&M score'!$A:$F,6,0)),"") -> 0.97142857 | AK39: =IFERROR(IF(VLOOKUP(A39,'O&M score'!$A:$G,7,0)="","",VLOOKUP(A39,'O&M score'!$A:$G,7,0)),"") -> 0.45714286 | AL39: =IFERROR(IF(VLOOKUP(A39,'Metering Ratio Score'!$A:$C,3,0)="","",VLOOKUP(A39,'Metering Ratio Score'!$A:$C,3,0)),"") -> 4400 | AM39: =IFERROR(IF(VLOOKUP(A39,'Metering Ratio Score'!$A:$D,4,0)="","",VLOOKUP(A39,'Metering Ratio Score'!$A:$D,4,0)),"") -> 4400 | AN39: =IFERROR(IF(VLOOKUP(A39,'Metering Ratio Score'!$A:$E,5,0)="","",VLOOKUP(A39,'Metering Ratio Score'!$A:$E,5,0)),"") -> 100 | AO39: =IFERROR(IF(VLOOKUP(A39,'Metering Ratio Score'!$A:$F,6,0)="","",VLOOKUP(A39,'Metering Ratio Score'!$A:$F,6,0)),"") -> 1 | AP39: =IFERROR(IF(VLOOKUP(A39,'Grievance Addressal'!$A:$C,3,0)="","",VLOOKUP(A39,'Grievance Addressal'!$A:$C,3,0)),"") -> Yes | AQ39: =IFERROR(IF(VLOOKUP(A39,'Grievance Addressal'!$A:$D,4,0)="","",VLOOKUP(A39,'Grievance Addressal'!$A:$D,4,0)),"") -> Yes | AR39: =IFERROR(IF(VLOOKUP(A39,'Grievance Addressal'!$A:$E,5,0)="","",VLOOKUP(A39,'Grievance Addressal'!$A:$E,5,0)),"") -> 1 | AS39: =IFERROR(IF(VLOOKUP(A39,Summary_Index!$A$5:$N$281,7,0)="","",VLOOKUP(A39,Summary_Index!$A$5:$N$281,7,0)),"") -> 83 | AT39: =IFERROR(IF(VLOOKUP(A39,Summary_Index!$A$5:$N$281,12,0)="","",VLOOKUP(A39,Summary_Index!$A$5:$N$281,12,0)),"") -> 56.4 | AU39: =IFERROR(IF(VLOOKUP(A39,Summary_Index!$A$5:$N$281,13,0)="","",VLOOKUP(A39,Summary_Index!$A$5:$N$281,13,0)),"") -> 5 | AV39: =IFERROR(IF(VLOOKUP(A39,Summary_Index!$A$5:$N$281,14,0)="","",VLOOKUP(A39,Summary_Index!$A$5:$N$281,14,0)),"") -> 5. Improving — Improving Level
A40: =Spatial!A40 -> 39 | B40: =Spatial!B40 -> Dhankuta_WSUC | C40: =Spatial!C40 -> Koshi | D40: =Spatial!D40 -> Dhankuta District | E40: =Spatial!E40 -> Municipality | F40: =Spatial!F40 -> Dhankuta | G40: =IFERROR(Spatial!G40,"") -> 3,4,5,6,7 | J40: =F40&"_"&D40 -> Dhankuta_Dhankuta District | K40: =IFERROR(IF(VLOOKUP(A40,'Service Coverage'!$A:$C,3,0)="","",VLOOKUP(A40,'Service Coverage'!$A:$C,3,0)),"") -> No | L40: =IFERROR(IF(VLOOKUP(A40,'Service Coverage'!$A:$D,4,0)="","",VLOOKUP(A40,'Service Coverage'!$A:$D,4,0)),"") -> 3750 | M40: =IFERROR(IF(VLOOKUP(A40,'Service Coverage'!$A:$E,5,0)="","",VLOOKUP(A40,'Service Coverage'!$A:$E,5,0)),"") -> 4156 | N40: =IFERROR(IF(VLOOKUP(A40,'Service Coverage'!$A:$F,6,0)="","",VLOOKUP(A40,'Service Coverage'!$A:$F,6,0)),"") -> 90.230991 | O40: =IFERROR(IF(VLOOKUP(A40,'Service Coverage'!$A:$G,7,0)="","",VLOOKUP(A40,'Service Coverage'!$A:$G,7,0)),"") -> 0.75577478 | P40: =IFERROR(IF(VLOOKUP(A40,Adequacy!$A:$C,3,0)="","",VLOOKUP(A40,Adequacy!$A:$C,3,0)),"") -> Pumped | Q40: =IFERROR(IF(VLOOKUP(A40,Adequacy!$A:$D,4,0)="","",VLOOKUP(A40,Adequacy!$A:$D,4,0)),"") -> 6745 | R40: =IFERROR(IF(VLOOKUP(A40,Adequacy!$A:$E,5,0)="","",VLOOKUP(A40,Adequacy!$A:$E,5,0)),"") -> 18750 | S40: =IFERROR(IF(VLOOKUP(A40,Adequacy!$A:$G,7,0)="","",VLOOKUP(A40,Adequacy!$A:$G,7,0)),"") -> 11.991111 | T40: =IFERROR(IF(VLOOKUP(A40,Adequacy!$A:$H,8,0)="","",VLOOKUP(A40,Adequacy!$A:$H,8,0)),"") -> 100 | U40: =IFERROR(IF(VLOOKUP(A40,Adequacy!$A:$J,10,0)="","",VLOOKUP(A40,Adequacy!$A:$J,10,0)),"") -> 0 | V40: =IFERROR(IF(VLOOKUP(A40,'Water Quality Score'!$A:$C,3,0)="","",VLOOKUP(A40,'Water Quality Score'!$A:$C,3,0)),"") -> Yes | W40: =IFERROR(IF(VLOOKUP(A40,'Water Quality Score'!$A:$D,4,0)="","",VLOOKUP(A40,'Water Quality Score'!$A:$D,4,0)),"") -> Yes | X40: =IFERROR(IF(VLOOKUP(A40,'Water Quality Score'!$A:$E,5,0)="","",VLOOKUP(A40,'Water Quality Score'!$A:$E,5,0)),"") -> Yes | Y40: =IFERROR(IF(VLOOKUP(A40,'Water Quality Score'!$A:$F,6,0)="","",VLOOKUP(A40,'Water Quality Score'!$A:$F,6,0)),"") -> 1 | Z40: =IFERROR(IF(VLOOKUP(A40,'Reliability score'!$A:$C,3,0)="","",VLOOKUP(A40,'Reliability score'!$A:$C,3,0)),"") -> 3 | AA40: =IFERROR(IF(VLOOKUP(A40,'Reliability score'!$A:$D,4,0)="","",VLOOKUP(A40,'Reliability score'!$A:$D,4,0)),"") -> 0.5 | AB40: =IFERROR(IF(VLOOKUP(A40,NRW!$A:$C,3,0)="","",VLOOKUP(A40,NRW!$A:$C,3,0)),"") -> Yes | AC40: =IFERROR(IF(VLOOKUP(A40,NRW!$A:$D,4,0)="","",VLOOKUP(A40,NRW!$A:$D,4,0)),"") -> No | AD40: =IFERROR(IF(VLOOKUP(A40,NRW!$A:$E,5,0)="","",VLOOKUP(A40,NRW!$A:$E,5,0)),"") -> No | AE40: =IFERROR(IF(VLOOKUP(A40,NRW!$A:$F,6,0)="","",VLOOKUP(A40,NRW!$A:$F,6,0)),"") -> Yes | AF40: =IFERROR(IF(VLOOKUP(A40,NRW!$A:$G,7,0)="","",VLOOKUP(A40,NRW!$A:$G,7,0)),"") -> No | AG40: =IFERROR(IF(OR(VLOOKUP(A40,NRW!$A:$H,8,0)="",VLOOKUP(A40,NRW!$A:$H,8,0)=0),"",VLOOKUP(A40,NRW!$A:$H,8,0)),"") -> 0.3 | AH40: =IFERROR(IF(VLOOKUP(A40,'O&M score'!$A:$D,4,0)="","",VLOOKUP(A40,'O&M score'!$A:$D,4,0)),"") -> 22000000 | AI40: =IFERROR(IF(VLOOKUP(A40,'O&M score'!$A:$E,5,0)="","",VLOOKUP(A40,'O&M score'!$A:$E,5,0)),"") -> 21900000 | AJ40: =IFERROR(IF(VLOOKUP(A40,'O&M score'!$A:$F,6,0)="","",VLOOKUP(A40,'O&M score'!$A:$F,6,0)),"") -> 1.0045662 | AK40: =IFERROR(IF(VLOOKUP(A40,'O&M score'!$A:$G,7,0)="","",VLOOKUP(A40,'O&M score'!$A:$G,7,0)),"") -> 0.39086758 | AL40: =IFERROR(IF(VLOOKUP(A40,'Metering Ratio Score'!$A:$C,3,0)="","",VLOOKUP(A40,'Metering Ratio Score'!$A:$C,3,0)),"") -> 3750 | AM40: =IFERROR(IF(VLOOKUP(A40,'Metering Ratio Score'!$A:$D,4,0)="","",VLOOKUP(A40,'Metering Ratio Score'!$A:$D,4,0)),"") -> 3750 | AN40: =IFERROR(IF(VLOOKUP(A40,'Metering Ratio Score'!$A:$E,5,0)="","",VLOOKUP(A40,'Metering Ratio Score'!$A:$E,5,0)),"") -> 100 | AO40: =IFERROR(IF(VLOOKUP(A40,'Metering Ratio Score'!$A:$F,6,0)="","",VLOOKUP(A40,'Metering Ratio Score'!$A:$F,6,0)),"") -> 1 | AP40: =IFERROR(IF(VLOOKUP(A40,'Grievance Addressal'!$A:$C,3,0)="","",VLOOKUP(A40,'Grievance Addressal'!$A:$C,3,0)),"") -> Yes | AQ40: =IFERROR(IF(VLOOKUP(A40,'Grievance Addressal'!$A:$D,4,0)="","",VLOOKUP(A40,'Grievance Addressal'!$A:$D,4,0)),"") -> Yes | AR40: =IFERROR(IF(VLOOKUP(A40,'Grievance Addressal'!$A:$E,5,0)="","",VLOOKUP(A40,'Grievance Addressal'!$A:$E,5,0)),"") -> 1 | AS40: =IFERROR(IF(VLOOKUP(A40,Summary_Index!$A$5:$N$281,7,0)="","",VLOOKUP(A40,Summary_Index!$A$5:$N$281,7,0)),"") -> 63.9 | AT40: =IFERROR(IF(VLOOKUP(A40,Summary_Index!$A$5:$N$281,12,0)="","",VLOOKUP(A40,Summary_Index!$A$5:$N$281,12,0)),"") -> 63.8 | AU40: =IFERROR(IF(VLOOKUP(A40,Summary_Index!$A$5:$N$281,13,0)="","",VLOOKUP(A40,Summary_Index!$A$5:$N$281,13,0)),"") -> 5 | AV40: =IFERROR(IF(VLOOKUP(A40,Summary_Index!$A$5:$N$281,14,0)="","",VLOOKUP(A40,Summary_Index!$A$5:$N$281,14,0)),"") -> 5. Improving — Improving Level
A41: =Spatial!A41 -> 40 | B41: =Spatial!B41 -> Khandbari_WSUC | C41: =Spatial!C41 -> Koshi | D41: =Spatial!D41 -> Sankhuwasabha District | E41: =Spatial!E41 -> Municipality | F41: =Spatial!F41 -> Khandbari | G41: =IFERROR(Spatial!G41,"") -> 3,7,1,8,9 | J41: =F41&"_"&D41 -> Khandbari_Sankhuwasabha District | K41: =IFERROR(IF(VLOOKUP(A41,'Service Coverage'!$A:$C,3,0)="","",VLOOKUP(A41,'Service Coverage'!$A:$C,3,0)),"") -> No | L41: =IFERROR(IF(VLOOKUP(A41,'Service Coverage'!$A:$D,4,0)="","",VLOOKUP(A41,'Service Coverage'!$A:$D,4,0)),"") -> 2500 | M41: =IFERROR(IF(VLOOKUP(A41,'Service Coverage'!$A:$E,5,0)="","",VLOOKUP(A41,'Service Coverage'!$A:$E,5,0)),"") -> 3249 | N41: =IFERROR(IF(VLOOKUP(A41,'Service Coverage'!$A:$F,6,0)="","",VLOOKUP(A41,'Service Coverage'!$A:$F,6,0)),"") -> 76.946753 | O41: =IFERROR(IF(VLOOKUP(A41,'Service Coverage'!$A:$G,7,0)="","",VLOOKUP(A41,'Service Coverage'!$A:$G,7,0)),"") -> 0.42366882 | P41: =IFERROR(IF(VLOOKUP(A41,Adequacy!$A:$C,3,0)="","",VLOOKUP(A41,Adequacy!$A:$C,3,0)),"") -> Gravity | Q41: =IFERROR(IF(VLOOKUP(A41,Adequacy!$A:$D,4,0)="","",VLOOKUP(A41,Adequacy!$A:$D,4,0)),"") -> 24000 | R41: =IFERROR(IF(VLOOKUP(A41,Adequacy!$A:$E,5,0)="","",VLOOKUP(A41,Adequacy!$A:$E,5,0)),"") -> 12500 | S41: =IFERROR(IF(VLOOKUP(A41,Adequacy!$A:$G,7,0)="","",VLOOKUP(A41,Adequacy!$A:$G,7,0)),"") -> 64 | T41: =IFERROR(IF(VLOOKUP(A41,Adequacy!$A:$H,8,0)="","",VLOOKUP(A41,Adequacy!$A:$H,8,0)),"") -> 120 | U41: =IFERROR(IF(VLOOKUP(A41,Adequacy!$A:$J,10,0)="","",VLOOKUP(A41,Adequacy!$A:$J,10,0)),"") -> 0.15151515 | V41: =IFERROR(IF(VLOOKUP(A41,'Water Quality Score'!$A:$C,3,0)="","",VLOOKUP(A41,'Water Quality Score'!$A:$C,3,0)),"") -> Yes | W41: =IFERROR(IF(VLOOKUP(A41,'Water Quality Score'!$A:$D,4,0)="","",VLOOKUP(A41,'Water Quality Score'!$A:$D,4,0)),"") -> Yes | X41: =IFERROR(IF(VLOOKUP(A41,'Water Quality Score'!$A:$E,5,0)="","",VLOOKUP(A41,'Water Quality Score'!$A:$E,5,0)),"") -> Yes | Y41: =IFERROR(IF(VLOOKUP(A41,'Water Quality Score'!$A:$F,6,0)="","",VLOOKUP(A41,'Water Quality Score'!$A:$F,6,0)),"") -> 1 | Z41: =IFERROR(IF(VLOOKUP(A41,'Reliability score'!$A:$C,3,0)="","",VLOOKUP(A41,'Reliability score'!$A:$C,3,0)),"") -> 3 | AA41: =IFERROR(IF(VLOOKUP(A41,'Reliability score'!$A:$D,4,0)="","",VLOOKUP(A41,'Reliability score'!$A:$D,4,0)),"") -> 0.5 | AB41: =IFERROR(IF(VLOOKUP(A41,NRW!$A:$C,3,0)="","",VLOOKUP(A41,NRW!$A:$C,3,0)),"") -> No | AC41: =IFERROR(IF(VLOOKUP(A41,NRW!$A:$D,4,0)="","",VLOOKUP(A41,NRW!$A:$D,4,0)),"") -> No | AD41: =IFERROR(IF(VLOOKUP(A41,NRW!$A:$E,5,0)="","",VLOOKUP(A41,NRW!$A:$E,5,0)),"") -> No | AE41: =IFERROR(IF(VLOOKUP(A41,NRW!$A:$F,6,0)="","",VLOOKUP(A41,NRW!$A:$F,6,0)),"") -> No | AF41: =IFERROR(IF(VLOOKUP(A41,NRW!$A:$G,7,0)="","",VLOOKUP(A41,NRW!$A:$G,7,0)),"") -> No | AG41: =IFERROR(IF(OR(VLOOKUP(A41,NRW!$A:$H,8,0)="",VLOOKUP(A41,NRW!$A:$H,8,0)=0),"",VLOOKUP(A41,NRW!$A:$H,8,0)),"") | AH41: =IFERROR(IF(VLOOKUP(A41,'O&M score'!$A:$D,4,0)="","",VLOOKUP(A41,'O&M score'!$A:$D,4,0)),"") -> 16200000 | AI41: =IFERROR(IF(VLOOKUP(A41,'O&M score'!$A:$E,5,0)="","",VLOOKUP(A41,'O&M score'!$A:$E,5,0)),"") -> 12100000 | AJ41: =IFERROR(IF(VLOOKUP(A41,'O&M score'!$A:$F,6,0)="","",VLOOKUP(A41,'O&M score'!$A:$F,6,0)),"") -> 1.338843 | AK41: =IFERROR(IF(VLOOKUP(A41,'O&M score'!$A:$G,7,0)="","",VLOOKUP(A41,'O&M score'!$A:$G,7,0)),"") -> 0 | AL41: =IFERROR(IF(VLOOKUP(A41,'Metering Ratio Score'!$A:$C,3,0)="","",VLOOKUP(A41,'Metering Ratio Score'!$A:$C,3,0)),"") -> 2350 | AM41: =IFERROR(IF(VLOOKUP(A41,'Metering Ratio Score'!$A:$D,4,0)="","",VLOOKUP(A41,'Metering Ratio Score'!$A:$D,4,0)),"") -> 2500 | AN41: =IFERROR(IF(VLOOKUP(A41,'Metering Ratio Score'!$A:$E,5,0)="","",VLOOKUP(A41,'Metering Ratio Score'!$A:$E,5,0)),"") -> 94 | AO41: =IFERROR(IF(VLOOKUP(A41,'Metering Ratio Score'!$A:$F,6,0)="","",VLOOKUP(A41,'Metering Ratio Score'!$A:$F,6,0)),"") -> 0.85 | AP41: =IFERROR(IF(VLOOKUP(A41,'Grievance Addressal'!$A:$C,3,0)="","",VLOOKUP(A41,'Grievance Addressal'!$A:$C,3,0)),"") -> Yes | AQ41: =IFERROR(IF(VLOOKUP(A41,'Grievance Addressal'!$A:$D,4,0)="","",VLOOKUP(A41,'Grievance Addressal'!$A:$D,4,0)),"") -> Yes | AR41: =IFERROR(IF(VLOOKUP(A41,'Grievance Addressal'!$A:$E,5,0)="","",VLOOKUP(A41,'Grievance Addressal'!$A:$E,5,0)),"") -> 1 | AS41: =IFERROR(IF(VLOOKUP(A41,Summary_Index!$A$5:$N$281,7,0)="","",VLOOKUP(A41,Summary_Index!$A$5:$N$281,7,0)),"") -> 58.6 | AT41: =IFERROR(IF(VLOOKUP(A41,Summary_Index!$A$5:$N$281,12,0)="","",VLOOKUP(A41,Summary_Index!$A$5:$N$281,12,0)),"") -> 42 | AU41: =IFERROR(IF(VLOOKUP(A41,Summary_Index!$A$5:$N$281,13,0)="","",VLOOKUP(A41,Summary_Index!$A$5:$N$281,13,0)),"") -> 7 | AV41: =IFERROR(IF(VLOOKUP(A41,Summary_Index!$A$5:$N$281,14,0)="","",VLOOKUP(A41,Summary_Index!$A$5:$N$281,14,0)),"") -> 7. Inactive — Functioning Level
A42: =Spatial!A42 -> 41 | B42: =Spatial!B42 -> Halesi Area Khotang Large Pumping | C42: =Spatial!C42 -> Koshi | D42: =Spatial!D42 -> Khotang District | E42: =Spatial!E42 -> Municipality | F42: =Spatial!F42 -> Halesi Tuwachung | G42: =IFERROR(Spatial!G42,"") -> 1,2,3,4,5,6,7 | J42: =F42&"_"&D42 -> Halesi Tuwachung_Khotang District | K42: =IFERROR(IF(VLOOKUP(A42,'Service Coverage'!$A:$C,3,0)="","",VLOOKUP(A42,'Service Coverage'!$A:$C,3,0)),"") -> No | L42: =IFERROR(IF(VLOOKUP(A42,'Service Coverage'!$A:$D,4,0)="","",VLOOKUP(A42,'Service Coverage'!$A:$D,4,0)),"") -> 2200 | M42: =IFERROR(IF(VLOOKUP(A42,'Service Coverage'!$A:$E,5,0)="","",VLOOKUP(A42,'Service Coverage'!$A:$E,5,0)),"") -> 5000 | N42: =IFERROR(IF(VLOOKUP(A42,'Service Coverage'!$A:$F,6,0)="","",VLOOKUP(A42,'Service Coverage'!$A:$F,6,0)),"") -> 44 | O42: =IFERROR(IF(VLOOKUP(A42,'Service Coverage'!$A:$G,7,0)="","",VLOOKUP(A42,'Service Coverage'!$A:$G,7,0)),"") -> 0 | P42: =IFERROR(IF(VLOOKUP(A42,Adequacy!$A:$C,3,0)="","",VLOOKUP(A42,Adequacy!$A:$C,3,0)),"") -> Pumped | Q42: =IFERROR(IF(VLOOKUP(A42,Adequacy!$A:$D,4,0)="","",VLOOKUP(A42,Adequacy!$A:$D,4,0)),"") -> 200 | R42: =IFERROR(IF(VLOOKUP(A42,Adequacy!$A:$E,5,0)="","",VLOOKUP(A42,Adequacy!$A:$E,5,0)),"") -> 11000 | S42: =IFERROR(IF(VLOOKUP(A42,Adequacy!$A:$G,7,0)="","",VLOOKUP(A42,Adequacy!$A:$G,7,0)),"") -> 0.60606061 | T42: =IFERROR(IF(VLOOKUP(A42,Adequacy!$A:$H,8,0)="","",VLOOKUP(A42,Adequacy!$A:$H,8,0)),"") -> 100 | U42: =IFERROR(IF(VLOOKUP(A42,Adequacy!$A:$J,10,0)="","",VLOOKUP(A42,Adequacy!$A:$J,10,0)),"") -> 0 | V42: =IFERROR(IF(VLOOKUP(A42,'Water Quality Score'!$A:$C,3,0)="","",VLOOKUP(A42,'Water Quality Score'!$A:$C,3,0)),"") -> No | W42: =IFERROR(IF(VLOOKUP(A42,'Water Quality Score'!$A:$D,4,0)="","",VLOOKUP(A42,'Water Quality Score'!$A:$D,4,0)),"") -> No | X42: =IFERROR(IF(VLOOKUP(A42,'Water Quality Score'!$A:$E,5,0)="","",VLOOKUP(A42,'Water Quality Score'!$A:$E,5,0)),"") -> No | Y42: =IFERROR(IF(VLOOKUP(A42,'Water Quality Score'!$A:$F,6,0)="","",VLOOKUP(A42,'Water Quality Score'!$A:$F,6,0)),"") -> 0 | Z42: =IFERROR(IF(VLOOKUP(A42,'Reliability score'!$A:$C,3,0)="","",VLOOKUP(A42,'Reliability score'!$A:$C,3,0)),"") -> 3 | AA42: =IFERROR(IF(VLOOKUP(A42,'Reliability score'!$A:$D,4,0)="","",VLOOKUP(A42,'Reliability score'!$A:$D,4,0)),"") -> 0.5 | AB42: =IFERROR(IF(VLOOKUP(A42,NRW!$A:$C,3,0)="","",VLOOKUP(A42,NRW!$A:$C,3,0)),"") -> Yes | AC42: =IFERROR(IF(VLOOKUP(A42,NRW!$A:$D,4,0)="","",VLOOKUP(A42,NRW!$A:$D,4,0)),"") -> Yes | AD42: =IFERROR(IF(VLOOKUP(A42,NRW!$A:$E,5,0)="","",VLOOKUP(A42,NRW!$A:$E,5,0)),"") -> No | AE42: =IFERROR(IF(VLOOKUP(A42,NRW!$A:$F,6,0)="","",VLOOKUP(A42,NRW!$A:$F,6,0)),"") -> No | AF42: =IFERROR(IF(VLOOKUP(A42,NRW!$A:$G,7,0)="","",VLOOKUP(A42,NRW!$A:$G,7,0)),"") -> No | AG42: =IFERROR(IF(OR(VLOOKUP(A42,NRW!$A:$H,8,0)="",VLOOKUP(A42,NRW!$A:$H,8,0)=0),"",VLOOKUP(A42,NRW!$A:$H,8,0)),"") -> 0.1 | AH42: =IFERROR(IF(VLOOKUP(A42,'O&M score'!$A:$D,4,0)="","",VLOOKUP(A42,'O&M score'!$A:$D,4,0)),"") -> 600000 | AI42: =IFERROR(IF(VLOOKUP(A42,'O&M score'!$A:$E,5,0)="","",VLOOKUP(A42,'O&M score'!$A:$E,5,0)),"") -> 300000 | AJ42: =IFERROR(IF(VLOOKUP(A42,'O&M score'!$A:$F,6,0)="","",VLOOKUP(A42,'O&M score'!$A:$F,6,0)),"") -> 2 | AK42: =IFERROR(IF(VLOOKUP(A42,'O&M score'!$A:$G,7,0)="","",VLOOKUP(A42,'O&M score'!$A:$G,7,0)),"") -> 0 | AL42: =IFERROR(IF(VLOOKUP(A42,'Metering Ratio Score'!$A:$C,3,0)="","",VLOOKUP(A42,'Metering Ratio Score'!$A:$C,3,0)),"") -> 1100 | AM42: =IFERROR(IF(VLOOKUP(A42,'Metering Ratio Score'!$A:$D,4,0)="","",VLOOKUP(A42,'Metering Ratio Score'!$A:$D,4,0)),"") -> 1100 | AN42: =IFERROR(IF(VLOOKUP(A42,'Metering Ratio Score'!$A:$E,5,0)="","",VLOOKUP(A42,'Metering Ratio Score'!$A:$E,5,0)),"") -> 100 | AO42: =IFERROR(IF(VLOOKUP(A42,'Metering Ratio Score'!$A:$F,6,0)="","",VLOOKUP(A42,'Metering Ratio Score'!$A:$F,6,0)),"") -> 1 | AP42: =IFERROR(IF(VLOOKUP(A42,'Grievance Addressal'!$A:$C,3,0)="","",VLOOKUP(A42,'Grievance Addressal'!$A:$C,3,0)),"") -> Yes | AQ42: =IFERROR(IF(VLOOKUP(A42,'Grievance Addressal'!$A:$D,4,0)="","",VLOOKUP(A42,'Grievance Addressal'!$A:$D,4,0)),"") -> Yes | AR42: =IFERROR(IF(VLOOKUP(A42,'Grievance Addressal'!$A:$E,5,0)="","",VLOOKUP(A42,'Grievance Addressal'!$A:$E,5,0)),"") -> 1 | AS42: =IFERROR(IF(VLOOKUP(A42,Summary_Index!$A$5:$N$281,7,0)="","",VLOOKUP(A42,Summary_Index!$A$5:$N$281,7,0)),"") -> 10 | AT42: =IFERROR(IF(VLOOKUP(A42,Summary_Index!$A$5:$N$281,12,0)="","",VLOOKUP(A42,Summary_Index!$A$5:$N$281,12,0)),"") -> 48 | AU42: =IFERROR(IF(VLOOKUP(A42,Summary_Index!$A$5:$N$281,13,0)="","",VLOOKUP(A42,Summary_Index!$A$5:$N$281,13,0)),"") -> 8 | AV42: =IFERROR(IF(VLOOKUP(A42,Summary_Index!$A$5:$N$281,14,0)="","",VLOOKUP(A42,Summary_Index!$A$5:$N$281,14,0)),"") -> 8. Poor — Functioning Level
A43: =Spatial!A43 -> 42 | B43: =Spatial!B43 -> Kakarvitta_WSUC | C43: =Spatial!C43 -> Koshi | D43: =Spatial!D43 -> Jhapa | E43: =Spatial!E43 -> Municipality | F43: =Spatial!F43 -> Mechinagar | G43: =IFERROR(Spatial!G43,"") -> 2,3,4,5,6,7,8 | J43: =F43&"_"&D43 -> Mechinagar_Jhapa | K43: =IFERROR(IF(VLOOKUP(A43,'Service Coverage'!$A:$C,3,0)="","",VLOOKUP(A43,'Service Coverage'!$A:$C,3,0)),"") -> Yes | L43: =IFERROR(IF(VLOOKUP(A43,'Service Coverage'!$A:$D,4,0)="","",VLOOKUP(A43,'Service Coverage'!$A:$D,4,0)),"") -> 8755 | M43: =IFERROR(IF(VLOOKUP(A43,'Service Coverage'!$A:$E,5,0)="","",VLOOKUP(A43,'Service Coverage'!$A:$E,5,0)),"") -> 10385 | N43: =IFERROR(IF(VLOOKUP(A43,'Service Coverage'!$A:$F,6,0)="","",VLOOKUP(A43,'Service Coverage'!$A:$F,6,0)),"") -> 84.304285 | O43: =IFERROR(IF(VLOOKUP(A43,'Service Coverage'!$A:$G,7,0)="","",VLOOKUP(A43,'Service Coverage'!$A:$G,7,0)),"") -> 0.60760713 | P43: =IFERROR(IF(VLOOKUP(A43,Adequacy!$A:$C,3,0)="","",VLOOKUP(A43,Adequacy!$A:$C,3,0)),"") -> Pumped | Q43: =IFERROR(IF(VLOOKUP(A43,Adequacy!$A:$D,4,0)="","",VLOOKUP(A43,Adequacy!$A:$D,4,0)),"") | R43: =IFERROR(IF(VLOOKUP(A43,Adequacy!$A:$E,5,0)="","",VLOOKUP(A43,Adequacy!$A:$E,5,0)),"") | S43: =IFERROR(IF(VLOOKUP(A43,Adequacy!$A:$G,7,0)="","",VLOOKUP(A43,Adequacy!$A:$G,7,0)),"") | T43: =IFERROR(IF(VLOOKUP(A43,Adequacy!$A:$H,8,0)="","",VLOOKUP(A43,Adequacy!$A:$H,8,0)),"") -> 100 | U43: =IFERROR(IF(VLOOKUP(A43,Adequacy!$A:$J,10,0)="","",VLOOKUP(A43,Adequacy!$A:$J,10,0)),"") | V43: =IFERROR(IF(VLOOKUP(A43,'Water Quality Score'!$A:$C,3,0)="","",VLOOKUP(A43,'Water Quality Score'!$A:$C,3,0)),"") -> Yes | W43: =IFERROR(IF(VLOOKUP(A43,'Water Quality Score'!$A:$D,4,0)="","",VLOOKUP(A43,'Water Quality Score'!$A:$D,4,0)),"") -> No | X43: =IFERROR(IF(VLOOKUP(A43,'Water Quality Score'!$A:$E,5,0)="","",VLOOKUP(A43,'Water Quality Score'!$A:$E,5,0)),"") -> No | Y43: =IFERROR(IF(VLOOKUP(A43,'Water Quality Score'!$A:$F,6,0)="","",VLOOKUP(A43,'Water Quality Score'!$A:$F,6,0)),"") -> 0.2 | Z43: =IFERROR(IF(VLOOKUP(A43,'Reliability score'!$A:$C,3,0)="","",VLOOKUP(A43,'Reliability score'!$A:$C,3,0)),"") -> 24 | AA43: =IFERROR(IF(VLOOKUP(A43,'Reliability score'!$A:$D,4,0)="","",VLOOKUP(A43,'Reliability score'!$A:$D,4,0)),"") -> 1 | AB43: =IFERROR(IF(VLOOKUP(A43,NRW!$A:$C,3,0)="","",VLOOKUP(A43,NRW!$A:$C,3,0)),"") -> Yes | AC43: =IFERROR(IF(VLOOKUP(A43,NRW!$A:$D,4,0)="","",VLOOKUP(A43,NRW!$A:$D,4,0)),"") -> Yes | AD43: =IFERROR(IF(VLOOKUP(A43,NRW!$A:$E,5,0)="","",VLOOKUP(A43,NRW!$A:$E,5,0)),"") -> Yes | AE43: =IFERROR(IF(VLOOKUP(A43,NRW!$A:$F,6,0)="","",VLOOKUP(A43,NRW!$A:$F,6,0)),"") -> No | AF43: =IFERROR(IF(VLOOKUP(A43,NRW!$A:$G,7,0)="","",VLOOKUP(A43,NRW!$A:$G,7,0)),"") -> No | AG43: =IFERROR(IF(OR(VLOOKUP(A43,NRW!$A:$H,8,0)="",VLOOKUP(A43,NRW!$A:$H,8,0)=0),"",VLOOKUP(A43,NRW!$A:$H,8,0)),"") -> 0.2 | AH43: =IFERROR(IF(VLOOKUP(A43,'O&M score'!$A:$D,4,0)="","",VLOOKUP(A43,'O&M score'!$A:$D,4,0)),"") -> 35437864 | AI43: =IFERROR(IF(VLOOKUP(A43,'O&M score'!$A:$E,5,0)="","",VLOOKUP(A43,'O&M score'!$A:$E,5,0)),"") -> 55229938 | AJ43: =IFERROR(IF(VLOOKUP(A43,'O&M score'!$A:$F,6,0)="","",VLOOKUP(A43,'O&M score'!$A:$F,6,0)),"") -> 0.64164229 | AK43: =IFERROR(IF(VLOOKUP(A43,'O&M score'!$A:$G,7,0)="","",VLOOKUP(A43,'O&M score'!$A:$G,7,0)),"") -> 1 | AL43: =IFERROR(IF(VLOOKUP(A43,'Metering Ratio Score'!$A:$C,3,0)="","",VLOOKUP(A43,'Metering Ratio Score'!$A:$C,3,0)),"") | AM43: =IFERROR(IF(VLOOKUP(A43,'Metering Ratio Score'!$A:$D,4,0)="","",VLOOKUP(A43,'Metering Ratio Score'!$A:$D,4,0)),"") | AN43: =IFERROR(IF(VLOOKUP(A43,'Metering Ratio Score'!$A:$E,5,0)="","",VLOOKUP(A43,'Metering Ratio Score'!$A:$E,5,0)),"") | AO43: =IFERROR(IF(VLOOKUP(A43,'Metering Ratio Score'!$A:$F,6,0)="","",VLOOKUP(A43,'Metering Ratio Score'!$A:$F,6,0)),"") | AP43: =IFERROR(IF(VLOOKUP(A43,'Grievance Addressal'!$A:$C,3,0)="","",VLOOKUP(A43,'Grievance Addressal'!$A:$C,3,0)),"") -> Yes | AQ43: =IFERROR(IF(VLOOKUP(A43,'Grievance Addressal'!$A:$D,4,0)="","",VLOOKUP(A43,'Grievance Addressal'!$A:$D,4,0)),"") -> Yes | AR43: =IFERROR(IF(VLOOKUP(A43,'Grievance Addressal'!$A:$E,5,0)="","",VLOOKUP(A43,'Grievance Addressal'!$A:$E,5,0)),"") -> 1 | AS43: =IFERROR(IF(VLOOKUP(A43,Summary_Index!$A$5:$N$281,7,0)="","",VLOOKUP(A43,Summary_Index!$A$5:$N$281,7,0)),"") | AT43: =IFERROR(IF(VLOOKUP(A43,Summary_Index!$A$5:$N$281,12,0)="","",VLOOKUP(A43,Summary_Index!$A$5:$N$281,12,0)),"") -> 76 | AU43: =IFERROR(IF(VLOOKUP(A43,Summary_Index!$A$5:$N$281,13,0)="","",VLOOKUP(A43,Summary_Index!$A$5:$N$281,13,0)),"") | AV43: =IFERROR(IF(VLOOKUP(A43,Summary_Index!$A$5:$N$281,14,0)="","",VLOOKUP(A43,Summary_Index!$A$5:$N$281,14,0)),"")
A44: =Spatial!A44 -> 43 | B44: =Spatial!B44 -> Khalanga_WSUC | C44: =Spatial!C44 -> Sudurpaschim | D44: =Spatial!D44 -> Darchula District | E44: =Spatial!E44 -> Municipality | F44: =Spatial!F44 -> Mahakali | G44: =IFERROR(Spatial!G44,"") -> 4,5 | J44: =F44&"_"&D44 -> Mahakali_Darchula District | K44: =IFERROR(IF(VLOOKUP(A44,'Service Coverage'!$A:$C,3,0)="","",VLOOKUP(A44,'Service Coverage'!$A:$C,3,0)),"") -> Yes | L44: =IFERROR(IF(VLOOKUP(A44,'Service Coverage'!$A:$D,4,0)="","",VLOOKUP(A44,'Service Coverage'!$A:$D,4,0)),"") -> 2440 | M44: =IFERROR(IF(VLOOKUP(A44,'Service Coverage'!$A:$E,5,0)="","",VLOOKUP(A44,'Service Coverage'!$A:$E,5,0)),"") -> 2440 | N44: =IFERROR(IF(VLOOKUP(A44,'Service Coverage'!$A:$F,6,0)="","",VLOOKUP(A44,'Service Coverage'!$A:$F,6,0)),"") -> 100 | O44: =IFERROR(IF(VLOOKUP(A44,'Service Coverage'!$A:$G,7,0)="","",VLOOKUP(A44,'Service Coverage'!$A:$G,7,0)),"") -> 1 | P44: =IFERROR(IF(VLOOKUP(A44,Adequacy!$A:$C,3,0)="","",VLOOKUP(A44,Adequacy!$A:$C,3,0)),"") -> Gravity | Q44: =IFERROR(IF(VLOOKUP(A44,Adequacy!$A:$D,4,0)="","",VLOOKUP(A44,Adequacy!$A:$D,4,0)),"") -> 150 | R44: =IFERROR(IF(VLOOKUP(A44,Adequacy!$A:$E,5,0)="","",VLOOKUP(A44,Adequacy!$A:$E,5,0)),"") -> 11956 | S44: =IFERROR(IF(VLOOKUP(A44,Adequacy!$A:$G,7,0)="","",VLOOKUP(A44,Adequacy!$A:$G,7,0)),"") -> 0.41820007 | T44: =IFERROR(IF(VLOOKUP(A44,Adequacy!$A:$H,8,0)="","",VLOOKUP(A44,Adequacy!$A:$H,8,0)),"") -> 120 | U44: =IFERROR(IF(VLOOKUP(A44,Adequacy!$A:$J,10,0)="","",VLOOKUP(A44,Adequacy!$A:$J,10,0)),"") -> 0 | V44: =IFERROR(IF(VLOOKUP(A44,'Water Quality Score'!$A:$C,3,0)="","",VLOOKUP(A44,'Water Quality Score'!$A:$C,3,0)),"") -> Yes | W44: =IFERROR(IF(VLOOKUP(A44,'Water Quality Score'!$A:$D,4,0)="","",VLOOKUP(A44,'Water Quality Score'!$A:$D,4,0)),"") -> Yes | X44: =IFERROR(IF(VLOOKUP(A44,'Water Quality Score'!$A:$E,5,0)="","",VLOOKUP(A44,'Water Quality Score'!$A:$E,5,0)),"") -> Yes | Y44: =IFERROR(IF(VLOOKUP(A44,'Water Quality Score'!$A:$F,6,0)="","",VLOOKUP(A44,'Water Quality Score'!$A:$F,6,0)),"") -> 1 | Z44: =IFERROR(IF(VLOOKUP(A44,'Reliability score'!$A:$C,3,0)="","",VLOOKUP(A44,'Reliability score'!$A:$C,3,0)),"") -> 4 | AA44: =IFERROR(IF(VLOOKUP(A44,'Reliability score'!$A:$D,4,0)="","",VLOOKUP(A44,'Reliability score'!$A:$D,4,0)),"") -> 0.52380952 | AB44: =IFERROR(IF(VLOOKUP(A44,NRW!$A:$C,3,0)="","",VLOOKUP(A44,NRW!$A:$C,3,0)),"") -> No | AC44: =IFERROR(IF(VLOOKUP(A44,NRW!$A:$D,4,0)="","",VLOOKUP(A44,NRW!$A:$D,4,0)),"") -> No | AD44: =IFERROR(IF(VLOOKUP(A44,NRW!$A:$E,5,0)="","",VLOOKUP(A44,NRW!$A:$E,5,0)),"") -> Yes | AE44: =IFERROR(IF(VLOOKUP(A44,NRW!$A:$F,6,0)="","",VLOOKUP(A44,NRW!$A:$F,6,0)),"") -> Yes | AF44: =IFERROR(IF(VLOOKUP(A44,NRW!$A:$G,7,0)="","",VLOOKUP(A44,NRW!$A:$G,7,0)),"") -> Yes | AG44: =IFERROR(IF(OR(VLOOKUP(A44,NRW!$A:$H,8,0)="",VLOOKUP(A44,NRW!$A:$H,8,0)=0),"",VLOOKUP(A44,NRW!$A:$H,8,0)),"") | AH44: =IFERROR(IF(VLOOKUP(A44,'O&M score'!$A:$D,4,0)="","",VLOOKUP(A44,'O&M score'!$A:$D,4,0)),"") -> 987915 | AI44: =IFERROR(IF(VLOOKUP(A44,'O&M score'!$A:$E,5,0)="","",VLOOKUP(A44,'O&M score'!$A:$E,5,0)),"") -> 5315906 | AJ44: =IFERROR(IF(VLOOKUP(A44,'O&M score'!$A:$F,6,0)="","",VLOOKUP(A44,'O&M score'!$A:$F,6,0)),"") -> 0.18584132 | AK44: =IFERROR(IF(VLOOKUP(A44,'O&M score'!$A:$G,7,0)="","",VLOOKUP(A44,'O&M score'!$A:$G,7,0)),"") -> 1 | AL44: =IFERROR(IF(VLOOKUP(A44,'Metering Ratio Score'!$A:$C,3,0)="","",VLOOKUP(A44,'Metering Ratio Score'!$A:$C,3,0)),"") -> 2390 | AM44: =IFERROR(IF(VLOOKUP(A44,'Metering Ratio Score'!$A:$D,4,0)="","",VLOOKUP(A44,'Metering Ratio Score'!$A:$D,4,0)),"") -> 2440 | AN44: =IFERROR(IF(VLOOKUP(A44,'Metering Ratio Score'!$A:$E,5,0)="","",VLOOKUP(A44,'Metering Ratio Score'!$A:$E,5,0)),"") -> 97.95082 | AO44: =IFERROR(IF(VLOOKUP(A44,'Metering Ratio Score'!$A:$F,6,0)="","",VLOOKUP(A44,'Metering Ratio Score'!$A:$F,6,0)),"") -> 0.94877049 | AP44: =IFERROR(IF(VLOOKUP(A44,'Grievance Addressal'!$A:$C,3,0)="","",VLOOKUP(A44,'Grievance Addressal'!$A:$C,3,0)),"") -> Yes | AQ44: =IFERROR(IF(VLOOKUP(A44,'Grievance Addressal'!$A:$D,4,0)="","",VLOOKUP(A44,'Grievance Addressal'!$A:$D,4,0)),"") -> Yes | AR44: =IFERROR(IF(VLOOKUP(A44,'Grievance Addressal'!$A:$E,5,0)="","",VLOOKUP(A44,'Grievance Addressal'!$A:$E,5,0)),"") -> 1 | AS44: =IFERROR(IF(VLOOKUP(A44,Summary_Index!$A$5:$N$281,7,0)="","",VLOOKUP(A44,Summary_Index!$A$5:$N$281,7,0)),"") -> 70.5 | AT44: =IFERROR(IF(VLOOKUP(A44,Summary_Index!$A$5:$N$281,12,0)="","",VLOOKUP(A44,Summary_Index!$A$5:$N$281,12,0)),"") -> 69 | AU44: =IFERROR(IF(VLOOKUP(A44,Summary_Index!$A$5:$N$281,13,0)="","",VLOOKUP(A44,Summary_Index!$A$5:$N$281,13,0)),"") -> 5 | AV44: =IFERROR(IF(VLOOKUP(A44,Summary_Index!$A$5:$N$281,14,0)="","",VLOOKUP(A44,Summary_Index!$A$5:$N$281,14,0)),"") -> 5. Improving — Improving Level
A45: =Spatial!A45 -> 44 | B45: =Spatial!B45 -> Nala_WSUC | C45: =Spatial!C45 -> Bagmati | D45: =Spatial!D45 -> Kavrepalanchok | E45: =Spatial!E45 -> Municipality | F45: =Spatial!F45 -> Banepa | G45: =IFERROR(Spatial!G45,"") -> 1 | J45: =F45&"_"&D45 -> Banepa_Kavrepalanchok | K45: =IFERROR(IF(VLOOKUP(A45,'Service Coverage'!$A:$C,3,0)="","",VLOOKUP(A45,'Service Coverage'!$A:$C,3,0)),"") -> No | L45: =IFERROR(IF(VLOOKUP(A45,'Service Coverage'!$A:$D,4,0)="","",VLOOKUP(A45,'Service Coverage'!$A:$D,4,0)),"") -> 411 | M45: =IFERROR(IF(VLOOKUP(A45,'Service Coverage'!$A:$E,5,0)="","",VLOOKUP(A45,'Service Coverage'!$A:$E,5,0)),"") -> 411 | N45: =IFERROR(IF(VLOOKUP(A45,'Service Coverage'!$A:$F,6,0)="","",VLOOKUP(A45,'Service Coverage'!$A:$F,6,0)),"") -> 100 | O45: =IFERROR(IF(VLOOKUP(A45,'Service Coverage'!$A:$G,7,0)="","",VLOOKUP(A45,'Service Coverage'!$A:$G,7,0)),"") -> 1 | P45: =IFERROR(IF(VLOOKUP(A45,Adequacy!$A:$C,3,0)="","",VLOOKUP(A45,Adequacy!$A:$C,3,0)),"") -> Pumped | Q45: =IFERROR(IF(VLOOKUP(A45,Adequacy!$A:$D,4,0)="","",VLOOKUP(A45,Adequacy!$A:$D,4,0)),"") | R45: =IFERROR(IF(VLOOKUP(A45,Adequacy!$A:$E,5,0)="","",VLOOKUP(A45,Adequacy!$A:$E,5,0)),"") -> 2055 | S45: =IFERROR(IF(VLOOKUP(A45,Adequacy!$A:$G,7,0)="","",VLOOKUP(A45,Adequacy!$A:$G,7,0)),"") | T45: =IFERROR(IF(VLOOKUP(A45,Adequacy!$A:$H,8,0)="","",VLOOKUP(A45,Adequacy!$A:$H,8,0)),"") -> 100 | U45: =IFERROR(IF(VLOOKUP(A45,Adequacy!$A:$J,10,0)="","",VLOOKUP(A45,Adequacy!$A:$J,10,0)),"") | V45: =IFERROR(IF(VLOOKUP(A45,'Water Quality Score'!$A:$C,3,0)="","",VLOOKUP(A45,'Water Quality Score'!$A:$C,3,0)),"") -> No | W45: =IFERROR(IF(VLOOKUP(A45,'Water Quality Score'!$A:$D,4,0)="","",VLOOKUP(A45,'Water Quality Score'!$A:$D,4,0)),"") -> Yes | X45: =IFERROR(IF(VLOOKUP(A45,'Water Quality Score'!$A:$E,5,0)="","",VLOOKUP(A45,'Water Quality Score'!$A:$E,5,0)),"") -> Yes | Y45: =IFERROR(IF(VLOOKUP(A45,'Water Quality Score'!$A:$F,6,0)="","",VLOOKUP(A45,'Water Quality Score'!$A:$F,6,0)),"") -> 0.8 | Z45: =IFERROR(IF(VLOOKUP(A45,'Reliability score'!$A:$C,3,0)="","",VLOOKUP(A45,'Reliability score'!$A:$C,3,0)),"") -> 3 | AA45: =IFERROR(IF(VLOOKUP(A45,'Reliability score'!$A:$D,4,0)="","",VLOOKUP(A45,'Reliability score'!$A:$D,4,0)),"") -> 0.5 | AB45: =IFERROR(IF(VLOOKUP(A45,NRW!$A:$C,3,0)="","",VLOOKUP(A45,NRW!$A:$C,3,0)),"") -> Yes | AC45: =IFERROR(IF(VLOOKUP(A45,NRW!$A:$D,4,0)="","",VLOOKUP(A45,NRW!$A:$D,4,0)),"") -> Yes | AD45: =IFERROR(IF(VLOOKUP(A45,NRW!$A:$E,5,0)="","",VLOOKUP(A45,NRW!$A:$E,5,0)),"") -> No | AE45: =IFERROR(IF(VLOOKUP(A45,NRW!$A:$F,6,0)="","",VLOOKUP(A45,NRW!$A:$F,6,0)),"") -> No | AF45: =IFERROR(IF(VLOOKUP(A45,NRW!$A:$G,7,0)="","",VLOOKUP(A45,NRW!$A:$G,7,0)),"") -> No | AG45: =IFERROR(IF(OR(VLOOKUP(A45,NRW!$A:$H,8,0)="",VLOOKUP(A45,NRW!$A:$H,8,0)=0),"",VLOOKUP(A45,NRW!$A:$H,8,0)),"") -> 0.1 | AH45: =IFERROR(IF(VLOOKUP(A45,'O&M score'!$A:$D,4,0)="","",VLOOKUP(A45,'O&M score'!$A:$D,4,0)),"") -> 795352 | AI45: =IFERROR(IF(VLOOKUP(A45,'O&M score'!$A:$E,5,0)="","",VLOOKUP(A45,'O&M score'!$A:$E,5,0)),"") -> 943084 | AJ45: =IFERROR(IF(VLOOKUP(A45,'O&M score'!$A:$F,6,0)="","",VLOOKUP(A45,'O&M score'!$A:$F,6,0)),"") -> 0.84335224 | AK45: =IFERROR(IF(VLOOKUP(A45,'O&M score'!$A:$G,7,0)="","",VLOOKUP(A45,'O&M score'!$A:$G,7,0)),"") -> 0.71329553 | AL45: =IFERROR(IF(VLOOKUP(A45,'Metering Ratio Score'!$A:$C,3,0)="","",VLOOKUP(A45,'Metering Ratio Score'!$A:$C,3,0)),"") -> 411 | AM45: =IFERROR(IF(VLOOKUP(A45,'Metering Ratio Score'!$A:$D,4,0)="","",VLOOKUP(A45,'Metering Ratio Score'!$A:$D,4,0)),"") -> 411 | AN45: =IFERROR(IF(VLOOKUP(A45,'Metering Ratio Score'!$A:$E,5,0)="","",VLOOKUP(A45,'Metering Ratio Score'!$A:$E,5,0)),"") -> 100 | AO45: =IFERROR(IF(VLOOKUP(A45,'Metering Ratio Score'!$A:$F,6,0)="","",VLOOKUP(A45,'Metering Ratio Score'!$A:$F,6,0)),"") -> 1 | AP45: =IFERROR(IF(VLOOKUP(A45,'Grievance Addressal'!$A:$C,3,0)="","",VLOOKUP(A45,'Grievance Addressal'!$A:$C,3,0)),"") -> Yes | AQ45: =IFERROR(IF(VLOOKUP(A45,'Grievance Addressal'!$A:$D,4,0)="","",VLOOKUP(A45,'Grievance Addressal'!$A:$D,4,0)),"") -> Yes | AR45: =IFERROR(IF(VLOOKUP(A45,'Grievance Addressal'!$A:$E,5,0)="","",VLOOKUP(A45,'Grievance Addressal'!$A:$E,5,0)),"") -> 1 | AS45: =IFERROR(IF(VLOOKUP(A45,Summary_Index!$A$5:$N$281,7,0)="","",VLOOKUP(A45,Summary_Index!$A$5:$N$281,7,0)),"") | AT45: =IFERROR(IF(VLOOKUP(A45,Summary_Index!$A$5:$N$281,12,0)="","",VLOOKUP(A45,Summary_Index!$A$5:$N$281,12,0)),"") -> 65.8 | AU45: =IFERROR(IF(VLOOKUP(A45,Summary_Index!$A$5:$N$281,13,0)="","",VLOOKUP(A45,Summary_Index!$A$5:$N$281,13,0)),"") | AV45: =IFERROR(IF(VLOOKUP(A45,Summary_Index!$A$5:$N$281,14,0)="","",VLOOKUP(A45,Summary_Index!$A$5:$N$281,14,0)),"")
A46: =Spatial!A46 -> 45 | B46: =Spatial!B46 -> Dukuchhap_WSUC | C46: =Spatial!C46 -> Bagmati | D46: =Spatial!D46 -> Lalitpur | E46: =Spatial!E46 -> Municipality | F46: =Spatial!F46 -> Godawari | G46: =IFERROR(Spatial!G46,"") -> 1 | J46: =F46&"_"&D46 -> Godawari_Lalitpur | K46: =IFERROR(IF(VLOOKUP(A46,'Service Coverage'!$A:$C,3,0)="","",VLOOKUP(A46,'Service Coverage'!$A:$C,3,0)),"") -> Yes | L46: =IFERROR(IF(VLOOKUP(A46,'Service Coverage'!$A:$D,4,0)="","",VLOOKUP(A46,'Service Coverage'!$A:$D,4,0)),"") -> 707 | M46: =IFERROR(IF(VLOOKUP(A46,'Service Coverage'!$A:$E,5,0)="","",VLOOKUP(A46,'Service Coverage'!$A:$E,5,0)),"") -> 707 | N46: =IFERROR(IF(VLOOKUP(A46,'Service Coverage'!$A:$F,6,0)="","",VLOOKUP(A46,'Service Coverage'!$A:$F,6,0)),"") -> 100 | O46: =IFERROR(IF(VLOOKUP(A46,'Service Coverage'!$A:$G,7,0)="","",VLOOKUP(A46,'Service Coverage'!$A:$G,7,0)),"") -> 1 | P46: =IFERROR(IF(VLOOKUP(A46,Adequacy!$A:$C,3,0)="","",VLOOKUP(A46,Adequacy!$A:$C,3,0)),"") -> Pumped | Q46: =IFERROR(IF(VLOOKUP(A46,Adequacy!$A:$D,4,0)="","",VLOOKUP(A46,Adequacy!$A:$D,4,0)),"") | R46: =IFERROR(IF(VLOOKUP(A46,Adequacy!$A:$E,5,0)="","",VLOOKUP(A46,Adequacy!$A:$E,5,0)),"") -> 3879 | S46: =IFERROR(IF(VLOOKUP(A46,Adequacy!$A:$G,7,0)="","",VLOOKUP(A46,Adequacy!$A:$G,7,0)),"") | T46: =IFERROR(IF(VLOOKUP(A46,Adequacy!$A:$H,8,0)="","",VLOOKUP(A46,Adequacy!$A:$H,8,0)),"") -> 100 | U46: =IFERROR(IF(VLOOKUP(A46,Adequacy!$A:$J,10,0)="","",VLOOKUP(A46,Adequacy!$A:$J,10,0)),"") | V46: =IFERROR(IF(VLOOKUP(A46,'Water Quality Score'!$A:$C,3,0)="","",VLOOKUP(A46,'Water Quality Score'!$A:$C,3,0)),"") -> Yes | W46: =IFERROR(IF(VLOOKUP(A46,'Water Quality Score'!$A:$D,4,0)="","",VLOOKUP(A46,'Water Quality Score'!$A:$D,4,0)),"") -> Yes | X46: =IFERROR(IF(VLOOKUP(A46,'Water Quality Score'!$A:$E,5,0)="","",VLOOKUP(A46,'Water Quality Score'!$A:$E,5,0)),"") -> Yes | Y46: =IFERROR(IF(VLOOKUP(A46,'Water Quality Score'!$A:$F,6,0)="","",VLOOKUP(A46,'Water Quality Score'!$A:$F,6,0)),"") -> 1 | Z46: =IFERROR(IF(VLOOKUP(A46,'Reliability score'!$A:$C,3,0)="","",VLOOKUP(A46,'Reliability score'!$A:$C,3,0)),"") -> 4 | AA46: =IFERROR(IF(VLOOKUP(A46,'Reliability score'!$A:$D,4,0)="","",VLOOKUP(A46,'Reliability score'!$A:$D,4,0)),"") -> 0.52380952 | AB46: =IFERROR(IF(VLOOKUP(A46,NRW!$A:$C,3,0)="","",VLOOKUP(A46,NRW!$A:$C,3,0)),"") -> Yes | AC46: =IFERROR(IF(VLOOKUP(A46,NRW!$A:$D,4,0)="","",VLOOKUP(A46,NRW!$A:$D,4,0)),"") -> Yes | AD46: =IFERROR(IF(VLOOKUP(A46,NRW!$A:$E,5,0)="","",VLOOKUP(A46,NRW!$A:$E,5,0)),"") -> Yes | AE46: =IFERROR(IF(VLOOKUP(A46,NRW!$A:$F,6,0)="","",VLOOKUP(A46,NRW!$A:$F,6,0)),"") -> Yes | AF46: =IFERROR(IF(VLOOKUP(A46,NRW!$A:$G,7,0)="","",VLOOKUP(A46,NRW!$A:$G,7,0)),"") -> Yes | AG46: =IFERROR(IF(OR(VLOOKUP(A46,NRW!$A:$H,8,0)="",VLOOKUP(A46,NRW!$A:$H,8,0)=0),"",VLOOKUP(A46,NRW!$A:$H,8,0)),"") -> 1 | AH46: =IFERROR(IF(VLOOKUP(A46,'O&M score'!$A:$D,4,0)="","",VLOOKUP(A46,'O&M score'!$A:$D,4,0)),"") -> 1770000 | AI46: =IFERROR(IF(VLOOKUP(A46,'O&M score'!$A:$E,5,0)="","",VLOOKUP(A46,'O&M score'!$A:$E,5,0)),"") -> 1920000 | AJ46: =IFERROR(IF(VLOOKUP(A46,'O&M score'!$A:$F,6,0)="","",VLOOKUP(A46,'O&M score'!$A:$F,6,0)),"") -> 0.921875 | AK46: =IFERROR(IF(VLOOKUP(A46,'O&M score'!$A:$G,7,0)="","",VLOOKUP(A46,'O&M score'!$A:$G,7,0)),"") -> 0 | AL46: =IFERROR(IF(VLOOKUP(A46,'Metering Ratio Score'!$A:$C,3,0)="","",VLOOKUP(A46,'Metering Ratio Score'!$A:$C,3,0)),"") -> 720 | AM46: =IFERROR(IF(VLOOKUP(A46,'Metering Ratio Score'!$A:$D,4,0)="","",VLOOKUP(A46,'Metering Ratio Score'!$A:$D,4,0)),"") -> 720 | AN46: =IFERROR(IF(VLOOKUP(A46,'Metering Ratio Score'!$A:$E,5,0)="","",VLOOKUP(A46,'Metering Ratio Score'!$A:$E,5,0)),"") -> 100 | AO46: =IFERROR(IF(VLOOKUP(A46,'Metering Ratio Score'!$A:$F,6,0)="","",VLOOKUP(A46,'Metering Ratio Score'!$A:$F,6,0)),"") -> 1 | AP46: =IFERROR(IF(VLOOKUP(A46,'Grievance Addressal'!$A:$C,3,0)="","",VLOOKUP(A46,'Grievance Addressal'!$A:$C,3,0)),"") -> Yes | AQ46: =IFERROR(IF(VLOOKUP(A46,'Grievance Addressal'!$A:$D,4,0)="","",VLOOKUP(A46,'Grievance Addressal'!$A:$D,4,0)),"") -> Yes | AR46: =IFERROR(IF(VLOOKUP(A46,'Grievance Addressal'!$A:$E,5,0)="","",VLOOKUP(A46,'Grievance Addressal'!$A:$E,5,0)),"") -> 1 | AS46: =IFERROR(IF(VLOOKUP(A46,Summary_Index!$A$5:$N$281,7,0)="","",VLOOKUP(A46,Summary_Index!$A$5:$N$281,7,0)),"") | AT46: =IFERROR(IF(VLOOKUP(A46,Summary_Index!$A$5:$N$281,12,0)="","",VLOOKUP(A46,Summary_Index!$A$5:$N$281,12,0)),"") -> 75 | AU46: =IFERROR(IF(VLOOKUP(A46,Summary_Index!$A$5:$N$281,13,0)="","",VLOOKUP(A46,Summary_Index!$A$5:$N$281,13,0)),"") | AV46: =IFERROR(IF(VLOOKUP(A46,Summary_Index!$A$5:$N$281,14,0)="","",VLOOKUP(A46,Summary_Index!$A$5:$N$281,14,0)),"")
A47: =Spatial!A47 -> 46 | B47: =Spatial!B47 -> Kalitar_WSUC | C47: =Spatial!C47 -> Bagmati | D47: =Spatial!D47 -> Lalitpur | E47: =Spatial!E47 -> Municipality | F47: =Spatial!F47 -> Godawari | G47: =IFERROR(Spatial!G47,"") -> 6 | J47: =F47&"_"&D47 -> Godawari_Lalitpur | K47: =IFERROR(IF(VLOOKUP(A47,'Service Coverage'!$A:$C,3,0)="","",VLOOKUP(A47,'Service Coverage'!$A:$C,3,0)),"") -> Yes | L47: =IFERROR(IF(VLOOKUP(A47,'Service Coverage'!$A:$D,4,0)="","",VLOOKUP(A47,'Service Coverage'!$A:$D,4,0)),"") -> 123 | M47: =IFERROR(IF(VLOOKUP(A47,'Service Coverage'!$A:$E,5,0)="","",VLOOKUP(A47,'Service Coverage'!$A:$E,5,0)),"") -> 123 | N47: =IFERROR(IF(VLOOKUP(A47,'Service Coverage'!$A:$F,6,0)="","",VLOOKUP(A47,'Service Coverage'!$A:$F,6,0)),"") -> 100 | O47: =IFERROR(IF(VLOOKUP(A47,'Service Coverage'!$A:$G,7,0)="","",VLOOKUP(A47,'Service Coverage'!$A:$G,7,0)),"") -> 1 | P47: =IFERROR(IF(VLOOKUP(A47,Adequacy!$A:$C,3,0)="","",VLOOKUP(A47,Adequacy!$A:$C,3,0)),"") | Q47: =IFERROR(IF(VLOOKUP(A47,Adequacy!$A:$D,4,0)="","",VLOOKUP(A47,Adequacy!$A:$D,4,0)),"") | R47: =IFERROR(IF(VLOOKUP(A47,Adequacy!$A:$E,5,0)="","",VLOOKUP(A47,Adequacy!$A:$E,5,0)),"") -> 559 | S47: =IFERROR(IF(VLOOKUP(A47,Adequacy!$A:$G,7,0)="","",VLOOKUP(A47,Adequacy!$A:$G,7,0)),"") | T47: =IFERROR(IF(VLOOKUP(A47,Adequacy!$A:$H,8,0)="","",VLOOKUP(A47,Adequacy!$A:$H,8,0)),"") | U47: =IFERROR(IF(VLOOKUP(A47,Adequacy!$A:$J,10,0)="","",VLOOKUP(A47,Adequacy!$A:$J,10,0)),"") | V47: =IFERROR(IF(VLOOKUP(A47,'Water Quality Score'!$A:$C,3,0)="","",VLOOKUP(A47,'Water Quality Score'!$A:$C,3,0)),"") -> Yes | W47: =IFERROR(IF(VLOOKUP(A47,'Water Quality Score'!$A:$D,4,0)="","",VLOOKUP(A47,'Water Quality Score'!$A:$D,4,0)),"") -> Yes | X47: =IFERROR(IF(VLOOKUP(A47,'Water Quality Score'!$A:$E,5,0)="","",VLOOKUP(A47,'Water Quality Score'!$A:$E,5,0)),"") -> Yes | Y47: =IFERROR(IF(VLOOKUP(A47,'Water Quality Score'!$A:$F,6,0)="","",VLOOKUP(A47,'Water Quality Score'!$A:$F,6,0)),"") -> 1 | Z47: =IFERROR(IF(VLOOKUP(A47,'Reliability score'!$A:$C,3,0)="","",VLOOKUP(A47,'Reliability score'!$A:$C,3,0)),"") -> 4 | AA47: =IFERROR(IF(VLOOKUP(A47,'Reliability score'!$A:$D,4,0)="","",VLOOKUP(A47,'Reliability score'!$A:$D,4,0)),"") -> 0.52380952 | AB47: =IFERROR(IF(VLOOKUP(A47,NRW!$A:$C,3,0)="","",VLOOKUP(A47,NRW!$A:$C,3,0)),"") -> No | AC47: =IFERROR(IF(VLOOKUP(A47,NRW!$A:$D,4,0)="","",VLOOKUP(A47,NRW!$A:$D,4,0)),"") -> No | AD47: =IFERROR(IF(VLOOKUP(A47,NRW!$A:$E,5,0)="","",VLOOKUP(A47,NRW!$A:$E,5,0)),"") -> Yes | AE47: =IFERROR(IF(VLOOKUP(A47,NRW!$A:$F,6,0)="","",VLOOKUP(A47,NRW!$A:$F,6,0)),"") -> Yes | AF47: =IFERROR(IF(VLOOKUP(A47,NRW!$A:$G,7,0)="","",VLOOKUP(A47,NRW!$A:$G,7,0)),"") -> No | AG47: =IFERROR(IF(OR(VLOOKUP(A47,NRW!$A:$H,8,0)="",VLOOKUP(A47,NRW!$A:$H,8,0)=0),"",VLOOKUP(A47,NRW!$A:$H,8,0)),"") | AH47: =IFERROR(IF(VLOOKUP(A47,'O&M score'!$A:$D,4,0)="","",VLOOKUP(A47,'O&M score'!$A:$D,4,0)),"") -> 100000 | AI47: =IFERROR(IF(VLOOKUP(A47,'O&M score'!$A:$E,5,0)="","",VLOOKUP(A47,'O&M score'!$A:$E,5,0)),"") -> 200000 | AJ47: =IFERROR(IF(VLOOKUP(A47,'O&M score'!$A:$F,6,0)="","",VLOOKUP(A47,'O&M score'!$A:$F,6,0)),"") -> 0.5 | AK47: =IFERROR(IF(VLOOKUP(A47,'O&M score'!$A:$G,7,0)="","",VLOOKUP(A47,'O&M score'!$A:$G,7,0)),"") -> 1 | AL47: =IFERROR(IF(VLOOKUP(A47,'Metering Ratio Score'!$A:$C,3,0)="","",VLOOKUP(A47,'Metering Ratio Score'!$A:$C,3,0)),"") -> 151 | AM47: =IFERROR(IF(VLOOKUP(A47,'Metering Ratio Score'!$A:$D,4,0)="","",VLOOKUP(A47,'Metering Ratio Score'!$A:$D,4,0)),"") -> 151 | AN47: =IFERROR(IF(VLOOKUP(A47,'Metering Ratio Score'!$A:$E,5,0)="","",VLOOKUP(A47,'Metering Ratio Score'!$A:$E,5,0)),"") -> 100 | AO47: =IFERROR(IF(VLOOKUP(A47,'Metering Ratio Score'!$A:$F,6,0)="","",VLOOKUP(A47,'Metering Ratio Score'!$A:$F,6,0)),"") -> 1 | AP47: =IFERROR(IF(VLOOKUP(A47,'Grievance Addressal'!$A:$C,3,0)="","",VLOOKUP(A47,'Grievance Addressal'!$A:$C,3,0)),"") -> Yes | AQ47: =IFERROR(IF(VLOOKUP(A47,'Grievance Addressal'!$A:$D,4,0)="","",VLOOKUP(A47,'Grievance Addressal'!$A:$D,4,0)),"") -> Yes | AR47: =IFERROR(IF(VLOOKUP(A47,'Grievance Addressal'!$A:$E,5,0)="","",VLOOKUP(A47,'Grievance Addressal'!$A:$E,5,0)),"") -> 1 | AS47: =IFERROR(IF(VLOOKUP(A47,Summary_Index!$A$5:$N$281,7,0)="","",VLOOKUP(A47,Summary_Index!$A$5:$N$281,7,0)),"") | AT47: =IFERROR(IF(VLOOKUP(A47,Summary_Index!$A$5:$N$281,12,0)="","",VLOOKUP(A47,Summary_Index!$A$5:$N$281,12,0)),"") -> 70 | AU47: =IFERROR(IF(VLOOKUP(A47,Summary_Index!$A$5:$N$281,13,0)="","",VLOOKUP(A47,Summary_Index!$A$5:$N$281,13,0)),"") | AV47: =IFERROR(IF(VLOOKUP(A47,Summary_Index!$A$5:$N$281,14,0)="","",VLOOKUP(A47,Summary_Index!$A$5:$N$281,14,0)),"")
A48: =Spatial!A48 -> 47 | B48: =Spatial!B48 -> Jaubari Gahu Bari _WSUC | C48: =Spatial!C48 -> Bagmati | D48: =Spatial!D48 -> Lalitput | E48: =Spatial!E48 -> Municipality | F48: =Spatial!F48 -> Godawari | G48: =IFERROR(Spatial!G48,"") -> 7 | J48: =F48&"_"&D48 -> Godawari_Lalitput | K48: =IFERROR(IF(VLOOKUP(A48,'Service Coverage'!$A:$C,3,0)="","",VLOOKUP(A48,'Service Coverage'!$A:$C,3,0)),"") -> No | L48: =IFERROR(IF(VLOOKUP(A48,'Service Coverage'!$A:$D,4,0)="","",VLOOKUP(A48,'Service Coverage'!$A:$D,4,0)),"") -> 77 | M48: =IFERROR(IF(VLOOKUP(A48,'Service Coverage'!$A:$E,5,0)="","",VLOOKUP(A48,'Service Coverage'!$A:$E,5,0)),"") -> 77 | N48: =IFERROR(IF(VLOOKUP(A48,'Service Coverage'!$A:$F,6,0)="","",VLOOKUP(A48,'Service Coverage'!$A:$F,6,0)),"") -> 100 | O48: =IFERROR(IF(VLOOKUP(A48,'Service Coverage'!$A:$G,7,0)="","",VLOOKUP(A48,'Service Coverage'!$A:$G,7,0)),"") -> 1 | P48: =IFERROR(IF(VLOOKUP(A48,Adequacy!$A:$C,3,0)="","",VLOOKUP(A48,Adequacy!$A:$C,3,0)),"") | Q48: =IFERROR(IF(VLOOKUP(A48,Adequacy!$A:$D,4,0)="","",VLOOKUP(A48,Adequacy!$A:$D,4,0)),"") | R48: =IFERROR(IF(VLOOKUP(A48,Adequacy!$A:$E,5,0)="","",VLOOKUP(A48,Adequacy!$A:$E,5,0)),"") -> 559 | S48: =IFERROR(IF(VLOOKUP(A48,Adequacy!$A:$G,7,0)="","",VLOOKUP(A48,Adequacy!$A:$G,7,0)),"") | T48: =IFERROR(IF(VLOOKUP(A48,Adequacy!$A:$H,8,0)="","",VLOOKUP(A48,Adequacy!$A:$H,8,0)),"") | U48: =IFERROR(IF(VLOOKUP(A48,Adequacy!$A:$J,10,0)="","",VLOOKUP(A48,Adequacy!$A:$J,10,0)),"") | V48: =IFERROR(IF(VLOOKUP(A48,'Water Quality Score'!$A:$C,3,0)="","",VLOOKUP(A48,'Water Quality Score'!$A:$C,3,0)),"") -> Yes | W48: =IFERROR(IF(VLOOKUP(A48,'Water Quality Score'!$A:$D,4,0)="","",VLOOKUP(A48,'Water Quality Score'!$A:$D,4,0)),"") -> Yes | X48: =IFERROR(IF(VLOOKUP(A48,'Water Quality Score'!$A:$E,5,0)="","",VLOOKUP(A48,'Water Quality Score'!$A:$E,5,0)),"") -> Yes | Y48: =IFERROR(IF(VLOOKUP(A48,'Water Quality Score'!$A:$F,6,0)="","",VLOOKUP(A48,'Water Quality Score'!$A:$F,6,0)),"") -> 1 | Z48: =IFERROR(IF(VLOOKUP(A48,'Reliability score'!$A:$C,3,0)="","",VLOOKUP(A48,'Reliability score'!$A:$C,3,0)),"") -> 24 | AA48: =IFERROR(IF(VLOOKUP(A48,'Reliability score'!$A:$D,4,0)="","",VLOOKUP(A48,'Reliability score'!$A:$D,4,0)),"") -> 1 | AB48: =IFERROR(IF(VLOOKUP(A48,NRW!$A:$C,3,0)="","",VLOOKUP(A48,NRW!$A:$C,3,0)),"") -> Yes | AC48: =IFERROR(IF(VLOOKUP(A48,NRW!$A:$D,4,0)="","",VLOOKUP(A48,NRW!$A:$D,4,0)),"") -> No | AD48: =IFERROR(IF(VLOOKUP(A48,NRW!$A:$E,5,0)="","",VLOOKUP(A48,NRW!$A:$E,5,0)),"") -> No | AE48: =IFERROR(IF(VLOOKUP(A48,NRW!$A:$F,6,0)="","",VLOOKUP(A48,NRW!$A:$F,6,0)),"") -> Yes | AF48: =IFERROR(IF(VLOOKUP(A48,NRW!$A:$G,7,0)="","",VLOOKUP(A48,NRW!$A:$G,7,0)),"") -> Yes | AG48: =IFERROR(IF(OR(VLOOKUP(A48,NRW!$A:$H,8,0)="",VLOOKUP(A48,NRW!$A:$H,8,0)=0),"",VLOOKUP(A48,NRW!$A:$H,8,0)),"") -> 0.8 | AH48: =IFERROR(IF(VLOOKUP(A48,'O&M score'!$A:$D,4,0)="","",VLOOKUP(A48,'O&M score'!$A:$D,4,0)),"") -> 92400 | AI48: =IFERROR(IF(VLOOKUP(A48,'O&M score'!$A:$E,5,0)="","",VLOOKUP(A48,'O&M score'!$A:$E,5,0)),"") -> 60000 | AJ48: =IFERROR(IF(VLOOKUP(A48,'O&M score'!$A:$F,6,0)="","",VLOOKUP(A48,'O&M score'!$A:$F,6,0)),"") -> 1.54 | AK48: =IFERROR(IF(VLOOKUP(A48,'O&M score'!$A:$G,7,0)="","",VLOOKUP(A48,'O&M score'!$A:$G,7,0)),"") -> 0 | AL48: =IFERROR(IF(VLOOKUP(A48,'Metering Ratio Score'!$A:$C,3,0)="","",VLOOKUP(A48,'Metering Ratio Score'!$A:$C,3,0)),"") -> 77 | AM48: =IFERROR(IF(VLOOKUP(A48,'Metering Ratio Score'!$A:$D,4,0)="","",VLOOKUP(A48,'Metering Ratio Score'!$A:$D,4,0)),"") -> 77 | AN48: =IFERROR(IF(VLOOKUP(A48,'Metering Ratio Score'!$A:$E,5,0)="","",VLOOKUP(A48,'Metering Ratio Score'!$A:$E,5,0)),"") -> 100 | AO48: =IFERROR(IF(VLOOKUP(A48,'Metering Ratio Score'!$A:$F,6,0)="","",VLOOKUP(A48,'Metering Ratio Score'!$A:$F,6,0)),"") -> 1 | AP48: =IFERROR(IF(VLOOKUP(A48,'Grievance Addressal'!$A:$C,3,0)="","",VLOOKUP(A48,'Grievance Addressal'!$A:$C,3,0)),"") -> No | AQ48: =IFERROR(IF(VLOOKUP(A48,'Grievance Addressal'!$A:$D,4,0)="","",VLOOKUP(A48,'Grievance Addressal'!$A:$D,4,0)),"") -> Yes | AR48: =IFERROR(IF(VLOOKUP(A48,'Grievance Addressal'!$A:$E,5,0)="","",VLOOKUP(A48,'Grievance Addressal'!$A:$E,5,0)),"") -> 0 | AS48: =IFERROR(IF(VLOOKUP(A48,Summary_Index!$A$5:$N$281,7,0)="","",VLOOKUP(A48,Summary_Index!$A$5:$N$281,7,0)),"") | AT48: =IFERROR(IF(VLOOKUP(A48,Summary_Index!$A$5:$N$281,12,0)="","",VLOOKUP(A48,Summary_Index!$A$5:$N$281,12,0)),"") -> 44 | AU48: =IFERROR(IF(VLOOKUP(A48,Summary_Index!$A$5:$N$281,13,0)="","",VLOOKUP(A48,Summary_Index!$A$5:$N$281,13,0)),"") | AV48: =IFERROR(IF(VLOOKUP(A48,Summary_Index!$A$5:$N$281,14,0)="","",VLOOKUP(A48,Summary_Index!$A$5:$N$281,14,0)),"")
... A95: =Spatial!A95 -> 0 | B95: =Spatial!B95 -> 0 | C95: =Spatial!C95 -> 0 | D95: =Spatial!D95 -> 0 | E95: =Spatial!E95 -> 0 | F95: =Spatial!F95 -> 0 | G95: =IFERROR(Spatial!G95,"") -> 0 | J95: =F95&"_"&D95 -> 0_0 | K95: =IFERROR(IF(VLOOKUP(A95,'Service Coverage'!$A:$C,3,0)="","",VLOOKUP(A95,'Service Coverage'!$A:$C,3,0)),"") | L95: =IFERROR(IF(VLOOKUP(A95,'Service Coverage'!$A:$D,4,0)="","",VLOOKUP(A95,'Service Coverage'!$A:$D,4,0)),"") | M95: =IFERROR(IF(VLOOKUP(A95,'Service Coverage'!$A:$E,5,0)="","",VLOOKUP(A95,'Service Coverage'!$A:$E,5,0)),"") | N95: =IFERROR(IF(VLOOKUP(A95,'Service Coverage'!$A:$F,6,0)="","",VLOOKUP(A95,'Service Coverage'!$A:$F,6,0)),"") | O95: =IFERROR(IF(VLOOKUP(A95,'Service Coverage'!$A:$G,7,0)="","",VLOOKUP(A95,'Service Coverage'!$A:$G,7,0)),"") | P95: =IFERROR(IF(VLOOKUP(A95,Adequacy!$A:$C,3,0)="","",VLOOKUP(A95,Adequacy!$A:$C,3,0)),"") | Q95: =IFERROR(IF(VLOOKUP(A95,Adequacy!$A:$D,4,0)="","",VLOOKUP(A95,Adequacy!$A:$D,4,0)),"") | R95: =IFERROR(IF(VLOOKUP(A95,Adequacy!$A:$E,5,0)="","",VLOOKUP(A95,Adequacy!$A:$E,5,0)),"") | S95: =IFERROR(IF(VLOOKUP(A95,Adequacy!$A:$G,7,0)="","",VLOOKUP(A95,Adequacy!$A:$G,7,0)),"") | T95: =IFERROR(IF(VLOOKUP(A95,Adequacy!$A:$H,8,0)="","",VLOOKUP(A95,Adequacy!$A:$H,8,0)),"") | U95: =IFERROR(IF(VLOOKUP(A95,Adequacy!$A:$J,10,0)="","",VLOOKUP(A95,Adequacy!$A:$J,10,0)),"") | V95: =IFERROR(IF(VLOOKUP(A95,'Water Quality Score'!$A:$C,3,0)="","",VLOOKUP(A95,'Water Quality Score'!$A:$C,3,0)),"") | W95: =IFERROR(IF(VLOOKUP(A95,'Water Quality Score'!$A:$D,4,0)="","",VLOOKUP(A95,'Water Quality Score'!$A:$D,4,0)),"") | X95: =IFERROR(IF(VLOOKUP(A95,'Water Quality Score'!$A:$E,5,0)="","",VLOOKUP(A95,'Water Quality Score'!$A:$E,5,0)),"") | Y95: =IFERROR(IF(VLOOKUP(A95,'Water Quality Score'!$A:$F,6,0)="","",VLOOKUP(A95,'Water Quality Score'!$A:$F,6,0)),"") | Z95: =IFERROR(IF(VLOOKUP(A95,'Reliability score'!$A:$C,3,0)="","",VLOOKUP(A95,'Reliability score'!$A:$C,3,0)),"") | AA95: =IFERROR(IF(VLOOKUP(A95,'Reliability score'!$A:$D,4,0)="","",VLOOKUP(A95,'Reliability score'!$A:$D,4,0)),"") | AB95: =IFERROR(IF(VLOOKUP(A95,NRW!$A:$C,3,0)="","",VLOOKUP(A95,NRW!$A:$C,3,0)),"") | AC95: =IFERROR(IF(VLOOKUP(A95,NRW!$A:$D,4,0)="","",VLOOKUP(A95,NRW!$A:$D,4,0)),"") | AD95: =IFERROR(IF(VLOOKUP(A95,NRW!$A:$E,5,0)="","",VLOOKUP(A95,NRW!$A:$E,5,0)),"") | AE95: =IFERROR(IF(VLOOKUP(A95,NRW!$A:$F,6,0)="","",VLOOKUP(A95,NRW!$A:$F,6,0)),"") | AF95: =IFERROR(IF(VLOOKUP(A95,NRW!$A:$G,7,0)="","",VLOOKUP(A95,NRW!$A:$G,7,0)),"") | AG95: =IFERROR(IF(OR(VLOOKUP(A95,NRW!$A:$H,8,0)="",VLOOKUP(A95,NRW!$A:$H,8,0)=0),"",VLOOKUP(A95,NRW!$A:$H,8,0)),"") | AH95: =IFERROR(IF(VLOOKUP(A95,'O&M score'!$A:$D,4,0)="","",VLOOKUP(A95,'O&M score'!$A:$D,4,0)),"") | AI95: =IFERROR(IF(VLOOKUP(A95,'O&M score'!$A:$E,5,0)="","",VLOOKUP(A95,'O&M score'!$A:$E,5,0)),"") | AJ95: =IFERROR(IF(VLOOKUP(A95,'O&M score'!$A:$F,6,0)="","",VLOOKUP(A95,'O&M score'!$A:$F,6,0)),"") | AK95: =IFERROR(IF(VLOOKUP(A95,'O&M score'!$A:$G,7,0)="","",VLOOKUP(A95,'O&M score'!$A:$G,7,0)),"") | AL95: =IFERROR(IF(VLOOKUP(A95,'Metering Ratio Score'!$A:$C,3,0)="","",VLOOKUP(A95,'Metering Ratio Score'!$A:$C,3,0)),"") | AM95: =IFERROR(IF(VLOOKUP(A95,'Metering Ratio Score'!$A:$D,4,0)="","",VLOOKUP(A95,'Metering Ratio Score'!$A:$D,4,0)),"") | AN95: =IFERROR(IF(VLOOKUP(A95,'Metering Ratio Score'!$A:$E,5,0)="","",VLOOKUP(A95,'Metering Ratio Score'!$A:$E,5,0)),"") | AO95: =IFERROR(IF(VLOOKUP(A95,'Metering Ratio Score'!$A:$F,6,0)="","",VLOOKUP(A95,'Metering Ratio Score'!$A:$F,6,0)),"") | AP95: =IFERROR(IF(VLOOKUP(A95,'Grievance Addressal'!$A:$C,3,0)="","",VLOOKUP(A95,'Grievance Addressal'!$A:$C,3,0)),"") | AQ95: =IFERROR(IF(VLOOKUP(A95,'Grievance Addressal'!$A:$D,4,0)="","",VLOOKUP(A95,'Grievance Addressal'!$A:$D,4,0)),"") | AR95: =IFERROR(IF(VLOOKUP(A95,'Grievance Addressal'!$A:$E,5,0)="","",VLOOKUP(A95,'Grievance Addressal'!$A:$E,5,0)),"") | AS95: =IFERROR(IF(VLOOKUP(A95,Summary_Index!$A$5:$N$281,7,0)="","",VLOOKUP(A95,Summary_Index!$A$5:$N$281,7,0)),"") | AT95: =IFERROR(IF(VLOOKUP(A95,Summary_Index!$A$5:$N$281,12,0)="","",VLOOKUP(A95,Summary_Index!$A$5:$N$281,12,0)),"") | AU95: =IFERROR(IF(VLOOKUP(A95,Summary_Index!$A$5:$N$281,13,0)="","",VLOOKUP(A95,Summary_Index!$A$5:$N$281,13,0)),"") | AV95: =IFERROR(IF(VLOOKUP(A95,Summary_Index!$A$5:$N$281,14,0)="","",VLOOKUP(A95,Summary_Index!$A$5:$N$281,14,0)),"")

Sheet Spatial
A1: WSUC_ID | B1: WSUC_Name | C1: Province_Name | D1: District_Name | E1: Municipality_Type | F1: Municipality_Name | G1: Wards_Covered | H1: Name
A2: 1 | B2: Lubhu_WSUC | C2: Bagmati | D2: Lalitpur District, Nepal | E2: Municipality | F2: Mahalaxmi | H2: {=_FV(tbl_Spatial[[#This Row],[District_Name]],"Name")} -> #VALUE!
A3: =A2+1 -> 2 | B3: Shivalaya_WSUC | C3: Gandaki | D3: Parbat District | E3: Municipality | F3: Kusma | G3: 4,5,6,7 | H3: {=_FV(tbl_Spatial[[#This Row],[District_Name]],"Name")} -> #VALUE!
A4: =A3+1 -> 3 | B4: Ratnanagar_WSUC | C4: Bagmati | D4: Chitwan District | E4: Municipality | F4: Ratnanagar | G4: 1 ,2,3,4,5,6,7,8,9,10,11,12,13 | H4: {=_FV(tbl_Spatial[[#This Row],[District_Name]],"Name")} -> #VALUE!
A5: =A4+1 -> 4 | B5: Nirmalpokhari_WSUC | C5: Gandaki | D5: Kaski District | E5: Metropolitan | F5: Pokhara | H5: {=_FV(tbl_Spatial[[#This Row],[District_Name]],"Name")} -> #VALUE!
A6: =A5+1 -> 5 | B6: Bhimad_WSUC | C6: Gandaki | D6: Tanahun District | E6: Municipality | F6: Bhimad | H6: {=_FV(tbl_Spatial[[#This Row],[District_Name]],"Name")} -> #VALUE!
A7: =A6+1 -> 6 | B7: Katunje_WSUC | C7: Bagmati | D7: Bhaktapur | E7: Municipality | F7: Suryabinayak | H7: {=_FV(tbl_Spatial[[#This Row],[District_Name]],"Name")} -> #VALUE!
A8: =A7+1 -> 7 | B8: Nijgad_WSUC | C8: Madhesh | D8: Bara District | E8: Municipality | F8: Nijgad | G8: 4,5,6,7,8,9 | H8: {=_FV(tbl_Spatial[[#This Row],[District_Name]],"Name")} -> #VALUE!
A9: =A8+1 -> 8 | B9: Tinthana_WSUC | C9: Bagmati | D9: Kathmandu District | E9: Municipality | F9: Chandragiri | H9: {=_FV(tbl_Spatial[[#This Row],[District_Name]],"Name")} -> #VALUE!
A10: =A9+1 -> 9 | B10: Birgunj_WSUC | C10: Madhesh | D10: Parsa District | E10: Metropolitan | F10: Birgunj | G10: 1 ,2,3,4,5,6,7,8,9,10,11,12,13,14,15,16,17,18,19,20,21,22,23,24 | H10: {=_FV(tbl_Spatial[[#This Row],[District_Name]],"Name")} -> #VALUE!
A11: =A10+1 -> 10 | B11: Gaur_WSUC | C11: Madhesh | D11: Rautahat District | E11: Municipality | F11: Gaur | H11: {=_FV(tbl_Spatial[[#This Row],[District_Name]],"Name")} -> #VALUE!
A12: =A11+1 -> 11 | B12: Beni_WSUC | C12: Gandaki | D12: Chitwan District | E12: Municipality | F12: Beni | H12: {=_FV(tbl_Spatial[[#This Row],[District_Name]],"Name")} -> #VALUE!
A13: =A12+1 -> 12 | B13: Narayansthan_WSUC | C13: Gandaki | D13: Chitwan District | E13: Municipality | F13: Baglung | H13: {=_FV(tbl_Spatial[[#This Row],[District_Name]],"Name")} -> #VALUE!
A14: =A13+1 -> 13 | B14: Diktel_WSUC | D14: Chitwan District | E14: Municipality | F14: Diktel | H14: {=_FV(tbl_Spatial[[#This Row],[District_Name]],"Name")} -> #VALUE!
A15: =A14+1 -> 14 | B15: Parsa_WSUC | C15: Bagmati | D15: Chitwan District | E15: Municipality | F15: Khairahani | H15: {=_FV(tbl_Spatial[[#This Row],[District_Name]],"Name")} -> #VALUE!
A16: =A15+1 -> 15 | B16: Saradanagar_WSUC | C16: Bagmati | D16: Chitwan District | E16: Metropolitan | F16: Bharatpur | H16: {=_FV(tbl_Spatial[[#This Row],[District_Name]],"Name")} -> #VALUE!
A17: =A16+1 -> 16 | B17: Gunjanagar_WSUC | C17: Bagmati | D17: Chitwan District | E17: Metropolitan | F17: Bharatpur | H17: {=_FV(tbl_Spatial[[#This Row],[District_Name]],"Name")} -> #VALUE!
A18: =A17+1 -> 17 | B18: Meghauli_WSUC | C18: Bagmati | D18: Chitwan District | E18: Metropolitan | F18: Bharatpur | H18: {=_FV(tbl_Spatial[[#This Row],[District_Name]],"Name")} -> #VALUE!
A19: =A18+1 -> 18 | B19: Sukranagar_WSUC | C19: Bagmati | D19: Chitwan District | E19: Metropolitan | F19: Bharatpur | H19: {=_FV(tbl_Spatial[[#This Row],[District_Name]],"Name")} -> #VALUE!
A20: =A19+1 -> 19 | B20: Pithuwa_WSUC | C20: Bagmati | D20: Chitwan District | E20: Municipality | F20: Ratnanagar | H20: {=_FV(tbl_Spatial[[#This Row],[District_Name]],"Name")} -> #VALUE!
A21: =A20+1 -> 20 | B21: Jutpani_WSUC | C21: Bagmati | D21: Chitwan District | E21: Municipality | F21: Kalika | H21: {=_FV(tbl_Spatial[[#This Row],[District_Name]],"Name")} -> #VALUE!
A22: =A21+1 -> 21 | B22: Namunashivanagar_WSUC | C22: Bagmati | D22: Chitwan District | E22: Metropolitan | F22: Bharatpur | H22: {=_FV(tbl_Spatial[[#This Row],[District_Name]],"Name")} -> #VALUE!
A23: =A22+1 -> 22 | B23: Gaidakot_Pumping_WSUC | C23: Bagmati | D23: Nawalpur District | E23: Municipality | F23: Gaidakot | H23: {=_FV(tbl_Spatial[[#This Row],[District_Name]],"Name")} -> #VALUE!
A24: =A23+1 -> 23 | B24: Amarapuri_WSUC | C24: Bagmati | D24: Nawalpur District | E24: Municipality | F24: Gaidakot | H24: {=_FV(tbl_Spatial[[#This Row],[District_Name]],"Name")} -> #VALUE!
A25: =A24+1 -> 24 | B25: Jwalamukhi Rural Water Sanitation and Hygine Management Board | C25: Bagmati | D25: Dhading District | E25: Rural municipality | F25: Jwalamukhi | H25: {=_FV(tbl_Spatial[[#This Row],[District_Name]],"Name")} -> #VALUE!
A26: =A25+1 -> 25 | B26: Mulkhola_Thakre_WSUC | C26: Bagmati | D26: Dhading District | E26: Rural municipality | F26: Thakre | H26: {=_FV(tbl_Spatial[[#This Row],[District_Name]],"Name")} -> #VALUE!
... A30: =A29+1 -> 29 | B30: Dudhikot_Brihat_WSUC | C30: Bagmati | D30: Bhaktapur | E30: Municipality | F30: Suryabinayak | H30: {=_FV(tbl_Spatial[[#This Row],[District_Name]],"Name")} -> #VALUE!
A31: =A30+1 -> 30 | B31: Diktel_WSUC | D31: Khotang District | E31: Municipality | F31: Rupakot Majhuwagadi | H31: {=_FV(tbl_Spatial[[#This Row],[District_Name]],"Name")} -> #VALUE!
A32: =A31+1 -> 31 | B32: Shuvaghat_WSUC | E32: Municipality | F32: Gurvakot | H32: {=_FV(tbl_Spatial[[#This Row],[District_Name]],"Name")} -> #VALUE!
A33: =A32+1 -> 32 | B33: Shivanagar_WSUC | H33: {=_FV(tbl_Spatial[[#This Row],[District_Name]],"Name")} -> #VALUE!
A34: =A33+1 -> 33 | B34: Kusma_WSUC | D34: Parbat District | H34: {=_FV(tbl_Spatial[[#This Row],[District_Name]],"Name")} -> #VALUE!
A35: =A34+1 -> 34 | B35: Ghorahi_WSUC | E35: Municipality | F35: Dang | H35: {=_FV(tbl_Spatial[[#This Row],[District_Name]],"Name")} -> #VALUE!
A36: =A35+1 -> 35 | B36: Yasok Sukkha Area Tamor Pumping_WSUC | C36: Koshi | D36: Panchthar District | E36: Rural municipality | F36: kummayak | G36: 1,3,4,5 | H36: {=_FV(tbl_Spatial[[#This Row],[District_Name]],"Name")} -> #VALUE!
A37: =A36+1 -> 36 | B37: Phidim_WSUC | C37: Koshi | D37: Panchthar District | E37: Municipality | F37: Phidim | G37: 1,2,4 | H37: {=_FV(tbl_Spatial[[#This Row],[District_Name]],"Name")} -> #VALUE!
A38: =A37+1 -> 37 | B38: Taplejung_WSUC | C38: Koshi | D38: Taplejung District | E38: Municipality | F38: Phungling | G38: 2,3,4,5,6,7,8 | H38: {=_FV(tbl_Spatial[[#This Row],[District_Name]],"Name")} -> #VALUE!
A39: =A38+1 -> 38 | B39: Ilam Bazaar Urban_WSUC | C39: Koshi | D39: Ilam District | E39: Municipality | F39: Ilam | G39: 5,6,7,8,9 | H39: {=_FV(tbl_Spatial[[#This Row],[District_Name]],"Name")} -> #VALUE!
A40: =A39+1 -> 39 | B40: Dhankuta_WSUC | C40: Koshi | D40: Dhankuta District | E40: Municipality | F40: Dhankuta | G40: 3,4,5,6,7 | H40: {=_FV(tbl_Spatial[[#This Row],[District_Name]],"Name")} -> #VALUE!
A41: =A40+1 -> 40 | B41: Khandbari_WSUC | C41: Koshi | D41: Sankhuwasabha District | E41: Municipality | F41: Khandbari | G41: 3,7,1,8,9 | H41: {=_FV(tbl_Spatial[[#This Row],[District_Name]],"Name")} -> #VALUE!
A42: =A41+1 -> 41 | B42: Halesi Area Khotang Large Pumping | C42: Koshi | D42: Khotang District | E42: Municipality | F42: Halesi Tuwachung | G42: 1,2,3,4,5,6,7 | H42: {=_FV(tbl_Spatial[[#This Row],[District_Name]],"Name")} -> #VALUE!
A43: =A42+1 -> 42 | B43: Kakarvitta_WSUC | C43: Koshi | D43: Jhapa | E43: Municipality | F43: Mechinagar | G43: 2,3,4,5,6,7,8 | H43: {=_FV(tbl_Spatial[[#This Row],[District_Name]],"Name")} -> #VALUE!
A44: =A43+1 -> 43 | B44: Khalanga_WSUC | C44: Sudurpaschim | D44: Darchula District | E44: Municipality | F44: Mahakali | G44: 4,5 | H44: {=_FV(tbl_Spatial[[#This Row],[District_Name]],"Name")} -> #VALUE!
A45: =A44+1 -> 44 | B45: Nala_WSUC | C45: Bagmati | D45: Kavrepalanchok | E45: Municipality | F45: Banepa | G45: 1 | H45: {=_FV(tbl_Spatial[[#This Row],[District_Name]],"Name")} -> #VALUE!
A46: =A45+1 -> 45 | B46: Dukuchhap_WSUC | C46: Bagmati | D46: Lalitpur | E46: Municipality | F46: Godawari | G46: 1 | H46: {=_FV(tbl_Spatial[[#This Row],[District_Name]],"Name")} -> #VALUE!
A47: =A46+1 -> 46 | B47: Kalitar_WSUC | C47: Bagmati | D47: Lalitpur | E47: Municipality | F47: Godawari | G47: 6 | H47: {=_FV(tbl_Spatial[[#This Row],[District_Name]],"Name")} -> #VALUE!
A48: =A47+1 -> 47 | B48: Jaubari Gahu Bari _WSUC | C48: Bagmati | D48: Lalitput | E48: Municipality | F48: Godawari | G48: 7 | H48: {=_FV(tbl_Spatial[[#This Row],[District_Name]],"Name")} -> #VALUE!
A49: =A48+1 -> 48 | B49: Lekhnath_WSUC | C49: Gandaki | D49: Kaski District | E49: Metropolitan | F49: Pokhara | G49: 26,27,28,29,30,31,32 | H49: {=_FV(tbl_Spatial[[#This Row],[District_Name]],"Name")} -> #VALUE!
A50: =A49+1 -> 49 | B50: Waling_WSUC | C50: Gandaki | D50: Syangja | E50: Municipality | F50: Waling | H50: {=_FV(tbl_Spatial[[#This Row],[District_Name]],"Name")} -> #VALUE!
A51: =A50+1 -> 50 | B51: Baglung_WSUC | C51: Gandaki | D51: Baglung | E51: Municipality | F51: Baglung | G51: 1,2,3,4 | H51: {=_FV(tbl_Spatial[[#This Row],[District_Name]],"Name")} -> #VALUE!
A52: =A51+1 -> 51 | H52: {=_FV(tbl_Spatial[[#This Row],[District_Name]],"Name")} -> #VALUE!
A53: =A52+1 -> 52 | H53: {=_FV(tbl_Spatial[[#This Row],[District_Name]],"Name")} -> #VALUE!
A54: =A53+1 -> 53 | H54: {=_FV(tbl_Spatial[[#This Row],[District_Name]],"Name")} -> #VALUE!
A55: =A54+1 -> 54 | H55: {=_FV(tbl_Spatial[[#This Row],[District_Name]],"Name")} -> #VALUE!
A56: =A55+1 -> 55 | H56: {=_FV(tbl_Spatial[[#This Row],[District_Name]],"Name")} -> #VALUE!
A57: =A56+1 -> 56 | H57: {=_FV(tbl_Spatial[[#This Row],[District_Name]],"Name")} -> #VALUE!
A58: =A57+1 -> 57 | H58: {=_FV(tbl_Spatial[[#This Row],[District_Name]],"Name")} -> #VALUE!
A59: =A58+1 -> 58 | H59: {=_FV(tbl_Spatial[[#This Row],[District_Name]],"Name")} -> #VALUE!
A60: =A59+1 -> 59 | H60: {=_FV(tbl_Spatial[[#This Row],[District_Name]],"Name")} -> #VALUE!
A61: =A60+1 -> 60 | H61: {=_FV(tbl_Spatial[[#This Row],[District_Name]],"Name")} -> #VALUE!
A62: =A61+1 -> 61 | H62: {=_FV(tbl_Spatial[[#This Row],[District_Name]],"Name")} -> #VALUE!
A63: =A62+1 -> 62 | H63: {=_FV(tbl_Spatial[[#This Row],[District_Name]],"Name")} -> #VALUE!
... A72: =A71+1 -> 71 | H72: {=_FV(tbl_Spatial[[#This Row],[District_Name]],"Name")} -> #VALUE!

Sheet Service Coverage
A1: WSUC_ID | B1: WSUC_Name | C1: Prerequisite: Does Business Plan exist? | D1: Households_Served() | E1: Total_Households | F1: Coverage% | G1: Computed_Score | H1: Interpretation
A2: 1 | B2: Lubhu_WSUC | C2: Yes | D2: 2065 | F2: =IF(OR(D2=0,E2=0),"",D2/E2*100) | G2: =IF(F2="","",IF(F2>=100,1,IF(F2<=60,0,(F2-60)/40))) | H2: =IF($C2<>"Yes","NOT ELIGIBLE – No Business Plan exists",IF(G2=1,"Fully compliant – universal coverage",IF(G2=0,"Non-compliant – below minimum threshold","Partially compliant – improving toward full"))) -> Partially compliant – improving toward full
A3: =A2+1 -> 2 | B3: Shivalaya_WSUC | C3: No | D3: 2700 | E3: 4500 | F3: =IF(OR(D3=0,E3=0),"",D3/E3*100) -> 60 | G3: =IF(F3="","",IF(F3>=100,1,IF(F3<=60,0,(F3-60)/40))) -> 0 | H3: =IF($C3<>"Yes","NOT ELIGIBLE – No Business Plan exists",IF(G3=1,"Fully compliant – universal coverage",IF(G3=0,"Non-compliant – below minimum threshold","Partially compliant – improving toward full"))) -> NOT ELIGIBLE – No Business Plan exists | J3: SCORE GUIDE
A4: =A3+1 -> 3 | B4: Ratnanagar_WSUC | C4: No | D4: 18000 | F4: =IF(OR(D4=0,E4=0),"",D4/E4*100) | G4: =IF(F4="","",IF(F4>=100,1,IF(F4<=60,0,(F4-60)/40))) | H4: =IF($C4<>"Yes","NOT ELIGIBLE – No Business Plan exists",IF(G4=1,"Fully compliant – universal coverage",IF(G4=0,"Non-compliant – below minimum threshold","Partially compliant – improving toward full"))) -> NOT ELIGIBLE – No Business Plan exists | J4: C Range (%) | K4: Computed Score / Weight | L4: Performance Interpretation
A5: =A4+1 -> 4 | B5: Nirmalpokhari_WSUC | C5: Yes | D5: 2100 | E5: 3500 | F5: =IF(OR(D5=0,E5=0),"",D5/E5*100) -> 60 | G5: =IF(F5="","",IF(F5>=100,1,IF(F5<=60,0,(F5-60)/40))) -> 0 | H5: =IF($C5<>"Yes","NOT ELIGIBLE – No Business Plan exists",IF(G5=1,"Fully compliant – universal coverage",IF(G5=0,"Non-compliant – below minimum threshold","Partially compliant – improving toward full"))) -> Non-compliant – below minimum threshold | J5: C = 100 | K5: 1 | L5: Fully compliant
A6: =A5+1 -> 5 | B6: Bhimad_WSUC | D6: 2000 | F6: =IF(OR(D6=0,E6=0),"",D6/E6*100) | G6: =IF(F6="","",IF(F6>=100,1,IF(F6<=60,0,(F6-60)/40))) | H6: =IF($C6<>"Yes","NOT ELIGIBLE – No Business Plan exists",IF(G6=1,"Fully compliant – universal coverage",IF(G6=0,"Non-compliant – below minimum threshold","Partially compliant – improving toward full"))) -> NOT ELIGIBLE – No Business Plan exists | J6: 60 < C < 100 | K6: (C − 60) / 40 | L6: Partially compliant
A7: =A6+1 -> 6 | B7: Katunje_WSUC | D7: 3360 | F7: =IF(OR(D7=0,E7=0),"",D7/E7*100) | G7: =IF(F7="","",IF(F7>=100,1,IF(F7<=60,0,(F7-60)/40))) | H7: =IF($C7<>"Yes","NOT ELIGIBLE – No Business Plan exists",IF(G7=1,"Fully compliant – universal coverage",IF(G7=0,"Non-compliant – below minimum threshold","Partially compliant – improving toward full"))) -> NOT ELIGIBLE – No Business Plan exists | J7: C ≤ 60 | K7: 0 | L7: Non-compliant
A8: =A7+1 -> 7 | B8: Nijgad_WSUC | F8: =IF(OR(D8=0,E8=0),"",D8/E8*100) | G8: =IF(F8="","",IF(F8>=100,1,IF(F8<=60,0,(F8-60)/40))) | H8: =IF($C8<>"Yes","NOT ELIGIBLE – No Business Plan exists",IF(G8=1,"Fully compliant – universal coverage",IF(G8=0,"Non-compliant – below minimum threshold","Partially compliant – improving toward full"))) -> NOT ELIGIBLE – No Business Plan exists
A9: =A8+1 -> 8 | B9: Tinthana_WSUC | D9: 1979 | F9: =IF(OR(D9=0,E9=0),"",D9/E9*100) | G9: =IF(F9="","",IF(F9>=100,1,IF(F9<=60,0,(F9-60)/40))) | H9: =IF($C9<>"Yes","NOT ELIGIBLE – No Business Plan exists",IF(G9=1,"Fully compliant – universal coverage",IF(G9=0,"Non-compliant – below minimum threshold","Partially compliant – improving toward full"))) -> NOT ELIGIBLE – No Business Plan exists
A10: =A9+1 -> 9 | B10: Birgunj_WSUC | F10: =IF(OR(D10=0,E10=0),"",D10/E10*100) | G10: =IF(F10="","",IF(F10>=100,1,IF(F10<=60,0,(F10-60)/40))) | H10: =IF($C10<>"Yes","NOT ELIGIBLE – No Business Plan exists",IF(G10=1,"Fully compliant – universal coverage",IF(G10=0,"Non-compliant – below minimum threshold","Partially compliant – improving toward full"))) -> NOT ELIGIBLE – No Business Plan exists
A11: =A10+1 -> 10 | B11: =Spatial!B11 -> Gaur_WSUC | D11: 1666 | F11: =IF(OR(D11=0,E11=0),"",D11/E11*100) | G11: =IF(F11="","",IF(F11>=100,1,IF(F11<=60,0,(F11-60)/40))) | H11: =IF($C11<>"Yes","NOT ELIGIBLE – No Business Plan exists",IF(G11=1,"Fully compliant – universal coverage",IF(G11=0,"Non-compliant – below minimum threshold","Partially compliant – improving toward full"))) -> NOT ELIGIBLE – No Business Plan exists
A12: =A11+1 -> 11 | B12: =Spatial!B12 -> Beni_WSUC | C12: No | D12: 1143 | F12: =IF(OR(D12=0,E12=0),"",D12/E12*100) | G12: =IF(F12="","",IF(F12>=100,1,IF(F12<=60,0,(F12-60)/40))) | H12: =IF($C12<>"Yes","NOT ELIGIBLE – No Business Plan exists",IF(G12=1,"Fully compliant – universal coverage",IF(G12=0,"Non-compliant – below minimum threshold","Partially compliant – improving toward full"))) -> NOT ELIGIBLE – No Business Plan exists
A13: =A12+1 -> 12 | B13: =Spatial!B13 -> Narayansthan_WSUC | C13: No | D13: 907 | F13: =IF(OR(D13=0,E13=0),"",D13/E13*100) | G13: =IF(F13="","",IF(F13>=100,1,IF(F13<=60,0,(F13-60)/40))) | H13: =IF($C13<>"Yes","NOT ELIGIBLE – No Business Plan exists",IF(G13=1,"Fully compliant – universal coverage",IF(G13=0,"Non-compliant – below minimum threshold","Partially compliant – improving toward full"))) -> NOT ELIGIBLE – No Business Plan exists
A14: =A13+1 -> 13 | B14: =Spatial!B14 -> Diktel_WSUC | C14: No | D14: 1120 | F14: =IF(OR(D14=0,E14=0),"",D14/E14*100) | G14: =IF(F14="","",IF(F14>=100,1,IF(F14<=60,0,(F14-60)/40))) | H14: =IF($C14<>"Yes","NOT ELIGIBLE – No Business Plan exists",IF(G14=1,"Fully compliant – universal coverage",IF(G14=0,"Non-compliant – below minimum threshold","Partially compliant – improving toward full"))) -> NOT ELIGIBLE – No Business Plan exists
A15: =A14+1 -> 14 | B15: =Spatial!B15 -> Parsa_WSUC | C15: No | D15: 6500 | F15: =IF(OR(D15=0,E15=0),"",D15/E15*100) | G15: =IF(F15="","",IF(F15>=100,1,IF(F15<=60,0,(F15-60)/40))) | H15: =IF($C15<>"Yes","NOT ELIGIBLE – No Business Plan exists",IF(G15=1,"Fully compliant – universal coverage",IF(G15=0,"Non-compliant – below minimum threshold","Partially compliant – improving toward full"))) -> NOT ELIGIBLE – No Business Plan exists
A16: =A15+1 -> 15 | B16: =Spatial!B16 -> Saradanagar_WSUC | C16: No | D16: 3454 | F16: =IF(OR(D16=0,E16=0),"",D16/E16*100) | G16: =IF(F16="","",IF(F16>=100,1,IF(F16<=60,0,(F16-60)/40))) | H16: =IF($C16<>"Yes","NOT ELIGIBLE – No Business Plan exists",IF(G16=1,"Fully compliant – universal coverage",IF(G16=0,"Non-compliant – below minimum threshold","Partially compliant – improving toward full"))) -> NOT ELIGIBLE – No Business Plan exists
A17: =A16+1 -> 16 | B17: =Spatial!B17 -> Gunjanagar_WSUC | C17: No | D17: 5200 | F17: =IF(OR(D17=0,E17=0),"",D17/E17*100) | G17: =IF(F17="","",IF(F17>=100,1,IF(F17<=60,0,(F17-60)/40))) | H17: =IF($C17<>"Yes","NOT ELIGIBLE – No Business Plan exists",IF(G17=1,"Fully compliant – universal coverage",IF(G17=0,"Non-compliant – below minimum threshold","Partially compliant – improving toward full"))) -> NOT ELIGIBLE – No Business Plan exists
A18: =A17+1 -> 17 | B18: =Spatial!B18 -> Meghauli_WSUC | C18: No | D18: 2400 | F18: =IF(OR(D18=0,E18=0),"",D18/E18*100) | G18: =IF(F18="","",IF(F18>=100,1,IF(F18<=60,0,(F18-60)/40))) | H18: =IF($C18<>"Yes","NOT ELIGIBLE – No Business Plan exists",IF(G18=1,"Fully compliant – universal coverage",IF(G18=0,"Non-compliant – below minimum threshold","Partially compliant – improving toward full"))) -> NOT ELIGIBLE – No Business Plan exists
A19: =A18+1 -> 18 | B19: =Spatial!B19 -> Sukranagar_WSUC | C19: No | D19: 10190 | F19: =IF(OR(D19=0,E19=0),"",D19/E19*100) | G19: =IF(F19="","",IF(F19>=100,1,IF(F19<=60,0,(F19-60)/40))) | H19: =IF($C19<>"Yes","NOT ELIGIBLE – No Business Plan exists",IF(G19=1,"Fully compliant – universal coverage",IF(G19=0,"Non-compliant – below minimum threshold","Partially compliant – improving toward full"))) -> NOT ELIGIBLE – No Business Plan exists
A20: =A19+1 -> 19 | B20: =Spatial!B20 -> Pithuwa_WSUC | C20: No | D20: 5100 | F20: =IF(OR(D20=0,E20=0),"",D20/E20*100) | G20: =IF(F20="","",IF(F20>=100,1,IF(F20<=60,0,(F20-60)/40))) | H20: =IF($C20<>"Yes","NOT ELIGIBLE – No Business Plan exists",IF(G20=1,"Fully compliant – universal coverage",IF(G20=0,"Non-compliant – below minimum threshold","Partially compliant – improving toward full"))) -> NOT ELIGIBLE – No Business Plan exists
A21: =A20+1 -> 20 | B21: =Spatial!B21 -> Jutpani_WSUC | C21: No | D21: 4150 | F21: =IF(OR(D21=0,E21=0),"",D21/E21*100) | G21: =IF(F21="","",IF(F21>=100,1,IF(F21<=60,0,(F21-60)/40))) | H21: =IF($C21<>"Yes","NOT ELIGIBLE – No Business Plan exists",IF(G21=1,"Fully compliant – universal coverage",IF(G21=0,"Non-compliant – below minimum threshold","Partially compliant – improving toward full"))) -> NOT ELIGIBLE – No Business Plan exists
A22: =A21+1 -> 21 | B22: =Spatial!B22 -> Namunashivanagar_WSUC | C22: No | D22: 2363 | F22: =IF(OR(D22=0,E22=0),"",D22/E22*100) | G22: =IF(F22="","",IF(F22>=100,1,IF(F22<=60,0,(F22-60)/40))) | H22: =IF($C22<>"Yes","NOT ELIGIBLE – No Business Plan exists",IF(G22=1,"Fully compliant – universal coverage",IF(G22=0,"Non-compliant – below minimum threshold","Partially compliant – improving toward full"))) -> NOT ELIGIBLE – No Business Plan exists
A23: =A22+1 -> 22 | B23: =Spatial!B23 -> Gaidakot_Pumping_WSUC | C23: No | D23: 7000 | F23: =IF(OR(D23=0,E23=0),"",D23/E23*100) | G23: =IF(F23="","",IF(F23>=100,1,IF(F23<=60,0,(F23-60)/40))) | H23: =IF($C23<>"Yes","NOT ELIGIBLE – No Business Plan exists",IF(G23=1,"Fully compliant – universal coverage",IF(G23=0,"Non-compliant – below minimum threshold","Partially compliant – improving toward full"))) -> NOT ELIGIBLE – No Business Plan exists
... A35: =A34+1 -> 34 | B35: =Spatial!B35 -> Ghorahi_WSUC | C35: No | D35: 8385 | F35: =IF(OR(D35=0,E35=0),"",D35/E35*100) | G35: =IF(F35="","",IF(F35>=100,1,IF(F35<=60,0,(F35-60)/40))) | H35: =IF($C35<>"Yes","NOT ELIGIBLE – No Business Plan exists",IF(G35=1,"Fully compliant – universal coverage",IF(G35=0,"Non-compliant – below minimum threshold","Partially compliant – improving toward full"))) -> NOT ELIGIBLE – No Business Plan exists
A36: =A35+1 -> 35 | B36: =Spatial!B36 -> Yasok Sukkha Area Tamor Pumping_WSUC | C36: No | D36: 2275 | E36: 3343 | F36: =IF(OR(D36=0,E36=0),"",D36/E36*100) -> 68.052647 | G36: =IF(F36="","",IF(F36>=100,1,IF(F36<=60,0,(F36-60)/40))) -> 0.20131618 | H36: =IF($C36<>"Yes","NOT ELIGIBLE – No Business Plan exists",IF(G36=1,"Fully compliant – universal coverage",IF(G36=0,"Non-compliant – below minimum threshold","Partially compliant – improving toward full"))) -> NOT ELIGIBLE – No Business Plan exists
A37: =A36+1 -> 36 | B37: =Spatial!B37 -> Phidim_WSUC | C37: No | D37: 2997 | E37: 3897 | F37: =IF(OR(D37=0,E37=0),"",D37/E37*100) -> 76.905312 | G37: =IF(F37="","",IF(F37>=100,1,IF(F37<=60,0,(F37-60)/40))) -> 0.42263279 | H37: =IF($C37<>"Yes","NOT ELIGIBLE – No Business Plan exists",IF(G37=1,"Fully compliant – universal coverage",IF(G37=0,"Non-compliant – below minimum threshold","Partially compliant – improving toward full"))) -> NOT ELIGIBLE – No Business Plan exists
A38: =A37+1 -> 37 | B38: =Spatial!B38 -> Taplejung_WSUC | C38: No | D38: 2100 | E38: 2385 | F38: =IF(OR(D38=0,E38=0),"",D38/E38*100) -> 88.050314 | G38: =IF(F38="","",IF(F38>=100,1,IF(F38<=60,0,(F38-60)/40))) -> 0.70125786 | H38: =IF($C38<>"Yes","NOT ELIGIBLE – No Business Plan exists",IF(G38=1,"Fully compliant – universal coverage",IF(G38=0,"Non-compliant – below minimum threshold","Partially compliant – improving toward full"))) -> NOT ELIGIBLE – No Business Plan exists
A39: =A38+1 -> 38 | B39: =Spatial!B39 -> Ilam Bazaar Urban_WSUC | C39: No | D39: 4400 | E39: 5000 | F39: =IF(OR(D39=0,E39=0),"",D39/E39*100) -> 88 | G39: =IF(F39="","",IF(F39>=100,1,IF(F39<=60,0,(F39-60)/40))) -> 0.7 | H39: =IF($C39<>"Yes","NOT ELIGIBLE – No Business Plan exists",IF(G39=1,"Fully compliant – universal coverage",IF(G39=0,"Non-compliant – below minimum threshold","Partially compliant – improving toward full"))) -> NOT ELIGIBLE – No Business Plan exists
A40: =A39+1 -> 39 | B40: =Spatial!B40 -> Dhankuta_WSUC | C40: No | D40: 3750 | E40: 4156 | F40: =IF(OR(D40=0,E40=0),"",D40/E40*100) -> 90.230991 | G40: =IF(F40="","",IF(F40>=100,1,IF(F40<=60,0,(F40-60)/40))) -> 0.75577478 | H40: =IF($C40<>"Yes","NOT ELIGIBLE – No Business Plan exists",IF(G40=1,"Fully compliant – universal coverage",IF(G40=0,"Non-compliant – below minimum threshold","Partially compliant – improving toward full"))) -> NOT ELIGIBLE – No Business Plan exists
A41: =A40+1 -> 40 | B41: =Spatial!B41 -> Khandbari_WSUC | C41: No | D41: 2500 | E41: 3249 | F41: =IF(OR(D41=0,E41=0),"",D41/E41*100) -> 76.946753 | G41: =IF(F41="","",IF(F41>=100,1,IF(F41<=60,0,(F41-60)/40))) -> 0.42366882 | H41: =IF($C41<>"Yes","NOT ELIGIBLE – No Business Plan exists",IF(G41=1,"Fully compliant – universal coverage",IF(G41=0,"Non-compliant – below minimum threshold","Partially compliant – improving toward full"))) -> NOT ELIGIBLE – No Business Plan exists
A42: =A41+1 -> 41 | B42: =Spatial!B42 -> Halesi Area Khotang Large Pumping | C42: No | D42: 2200 | E42: 5000 | F42: =IF(OR(D42=0,E42=0),"",D42/E42*100) -> 44 | G42: =IF(F42="","",IF(F42>=100,1,IF(F42<=60,0,(F42-60)/40))) -> 0 | H42: =IF($C42<>"Yes","NOT ELIGIBLE – No Business Plan exists",IF(G42=1,"Fully compliant – universal coverage",IF(G42=0,"Non-compliant – below minimum threshold","Partially compliant – improving toward full"))) -> NOT ELIGIBLE – No Business Plan exists
A43: =A42+1 -> 42 | B43: =Spatial!B43 -> Kakarvitta_WSUC | C43: Yes | D43: 8755 | E43: 10385 | F43: =IF(OR(D43=0,E43=0),"",D43/E43*100) -> 84.304285 | G43: =IF(F43="","",IF(F43>=100,1,IF(F43<=60,0,(F43-60)/40))) -> 0.60760713 | H43: =IF($C43<>"Yes","NOT ELIGIBLE – No Business Plan exists",IF(G43=1,"Fully compliant – universal coverage",IF(G43=0,"Non-compliant – below minimum threshold","Partially compliant – improving toward full"))) -> Partially compliant – improving toward full
A44: =A43+1 -> 43 | B44: =Spatial!B44 -> Khalanga_WSUC | C44: Yes | D44: 2440 | E44: 2440 | F44: =IF(OR(D44=0,E44=0),"",D44/E44*100) -> 100 | G44: =IF(F44="","",IF(F44>=100,1,IF(F44<=60,0,(F44-60)/40))) -> 1 | H44: =IF($C44<>"Yes","NOT ELIGIBLE – No Business Plan exists",IF(G44=1,"Fully compliant – universal coverage",IF(G44=0,"Non-compliant – below minimum threshold","Partially compliant – improving toward full"))) -> Fully compliant – universal coverage
A45: =A44+1 -> 44 | B45: =Spatial!B45 -> Nala_WSUC | C45: No | D45: 411 | E45: 411 | F45: =IF(OR(D45=0,E45=0),"",D45/E45*100) -> 100 | G45: =IF(F45="","",IF(F45>=100,1,IF(F45<=60,0,(F45-60)/40))) -> 1 | H45: =IF($C45<>"Yes","NOT ELIGIBLE – No Business Plan exists",IF(G45=1,"Fully compliant – universal coverage",IF(G45=0,"Non-compliant – below minimum threshold","Partially compliant – improving toward full"))) -> NOT ELIGIBLE – No Business Plan exists
A46: =A45+1 -> 45 | B46: =Spatial!B46 -> Dukuchhap_WSUC | C46: Yes | D46: 707 | E46: 707 | F46: =IF(OR(D46=0,E46=0),"",D46/E46*100) -> 100 | G46: =IF(F46="","",IF(F46>=100,1,IF(F46<=60,0,(F46-60)/40))) -> 1 | H46: =IF($C46<>"Yes","NOT ELIGIBLE – No Business Plan exists",IF(G46=1,"Fully compliant – universal coverage",IF(G46=0,"Non-compliant – below minimum threshold","Partially compliant – improving toward full"))) -> Fully compliant – universal coverage
A47: =A46+1 -> 46 | B47: =Spatial!B47 -> Kalitar_WSUC | C47: Yes | D47: 123 | E47: 123 | F47: =IF(OR(D47=0,E47=0),"",D47/E47*100) -> 100 | G47: =IF(F47="","",IF(F47>=100,1,IF(F47<=60,0,(F47-60)/40))) -> 1 | H47: =IF($C47<>"Yes","NOT ELIGIBLE – No Business Plan exists",IF(G47=1,"Fully compliant – universal coverage",IF(G47=0,"Non-compliant – below minimum threshold","Partially compliant – improving toward full"))) -> Fully compliant – universal coverage
... A51: =A50+1 -> 50 | B51: =Spatial!B51 -> Baglung_WSUC | C51: No | D51: 4250 | E51: 4250 | F51: =IF(OR(D51=0,E51=0),"",D51/E51*100) -> 100 | G51: =IF(F51="","",IF(F51>=100,1,IF(F51<=60,0,(F51-60)/40))) -> 1 | H51: =IF($C51<>"Yes","NOT ELIGIBLE – No Business Plan exists",IF(G51=1,"Fully compliant – universal coverage",IF(G51=0,"Non-compliant – below minimum threshold","Partially compliant – improving toward full"))) -> NOT ELIGIBLE – No Business Plan exists
A52: =A51+1 -> 51 | F52: =IF(OR(D52=0,E52=0),"",D52/E52*100) | G52: =IF(F52="","",IF(F52>=100,1,IF(F52<=60,0,(F52-60)/40))) | H52: =IF($C52<>"Yes","NOT ELIGIBLE – No Business Plan exists",IF(G52=1,"Fully compliant – universal coverage",IF(G52=0,"Non-compliant – below minimum threshold","Partially compliant – improving toward full"))) -> NOT ELIGIBLE – No Business Plan exists
A53: =A52+1 -> 52 | F53: =IF(OR(D53=0,E53=0),"",D53/E53*100) | G53: =IF(F53="","",IF(F53>=100,1,IF(F53<=60,0,(F53-60)/40))) | H53: =IF($C53<>"Yes","NOT ELIGIBLE – No Business Plan exists",IF(G53=1,"Fully compliant – universal coverage",IF(G53=0,"Non-compliant – below minimum threshold","Partially compliant – improving toward full"))) -> NOT ELIGIBLE – No Business Plan exists
A54: =A53+1 -> 53 | F54: =IF(OR(D54=0,E54=0),"",D54/E54*100) | G54: =IF(F54="","",IF(F54>=100,1,IF(F54<=60,0,(F54-60)/40))) | H54: =IF($C54<>"Yes","NOT ELIGIBLE – No Business Plan exists",IF(G54=1,"Fully compliant – universal coverage",IF(G54=0,"Non-compliant – below minimum threshold","Partially compliant – improving toward full"))) -> NOT ELIGIBLE – No Business Plan exists
A55: =A54+1 -> 54 | F55: =IF(OR(D55=0,E55=0),"",D55/E55*100) | G55: =IF(F55="","",IF(F55>=100,1,IF(F55<=60,0,(F55-60)/40))) | H55: =IF($C55<>"Yes","NOT ELIGIBLE – No Business Plan exists",IF(G55=1,"Fully compliant – universal coverage",IF(G55=0,"Non-compliant – below minimum threshold","Partially compliant – improving toward full"))) -> NOT ELIGIBLE – No Business Plan exists
A56: =A55+1 -> 55 | F56: =IF(OR(D56=0,E56=0),"",D56/E56*100) | G56: =IF(F56="","",IF(F56>=100,1,IF(F56<=60,0,(F56-60)/40))) | H56: =IF($C56<>"Yes","NOT ELIGIBLE – No Business Plan exists",IF(G56=1,"Fully compliant – universal coverage",IF(G56=0,"Non-compliant – below minimum threshold","Partially compliant – improving toward full"))) -> NOT ELIGIBLE – No Business Plan exists
A57: =A56+1 -> 56 | F57: =IF(OR(D57=0,E57=0),"",D57/E57*100) | G57: =IF(F57="","",IF(F57>=100,1,IF(F57<=60,0,(F57-60)/40))) | H57: =IF($C57<>"Yes","NOT ELIGIBLE – No Business Plan exists",IF(G57=1,"Fully compliant – universal coverage",IF(G57=0,"Non-compliant – below minimum threshold","Partially compliant – improving toward full"))) -> NOT ELIGIBLE – No Business Plan exists
A58: =A57+1 -> 57 | F58: =IF(OR(D58=0,E58=0),"",D58/E58*100) | G58: =IF(F58="","",IF(F58>=100,1,IF(F58<=60,0,(F58-60)/40))) | H58: =IF($C58<>"Yes","NOT ELIGIBLE – No Business Plan exists",IF(G58=1,"Fully compliant – universal coverage",IF(G58=0,"Non-compliant – below minimum threshold","Partially compliant – improving toward full"))) -> NOT ELIGIBLE – No Business Plan exists
A59: =A58+1 -> 58 | F59: =IF(OR(D59=0,E59=0),"",D59/E59*100) | G59: =IF(F59="","",IF(F59>=100,1,IF(F59<=60,0,(F59-60)/40))) | H59: =IF($C59<>"Yes","NOT ELIGIBLE – No Business Plan exists",IF(G59=1,"Fully compliant – universal coverage",IF(G59=0,"Non-compliant – below minimum threshold","Partially compliant – improving toward full"))) -> NOT ELIGIBLE – No Business Plan exists
A60: =A59+1 -> 59 | F60: =IF(OR(D60=0,E60=0),"",D60/E60*100) | G60: =IF(F60="","",IF(F60>=100,1,IF(F60<=60,0,(F60-60)/40))) | H60: =IF($C60<>"Yes","NOT ELIGIBLE – No Business Plan exists",IF(G60=1,"Fully compliant – universal coverage",IF(G60=0,"Non-compliant – below minimum threshold","Partially compliant – improving toward full"))) -> NOT ELIGIBLE – No Business Plan exists
A61: =A60+1 -> 60 | F61: =IF(OR(D61=0,E61=0),"",D61/E61*100) | G61: =IF(F61="","",IF(F61>=100,1,IF(F61<=60,0,(F61-60)/40))) | H61: =IF($C61<>"Yes","NOT ELIGIBLE – No Business Plan exists",IF(G61=1,"Fully compliant – universal coverage",IF(G61=0,"Non-compliant – below minimum threshold","Partially compliant – improving toward full"))) -> NOT ELIGIBLE – No Business Plan exists
A62: =A61+1 -> 61 | F62: =IF(OR(D62=0,E62=0),"",D62/E62*100) | G62: =IF(F62="","",IF(F62>=100,1,IF(F62<=60,0,(F62-60)/40))) | H62: =IF($C62<>"Yes","NOT ELIGIBLE – No Business Plan exists",IF(G62=1,"Fully compliant – universal coverage",IF(G62=0,"Non-compliant – below minimum threshold","Partially compliant – improving toward full"))) -> NOT ELIGIBLE – No Business Plan exists
A63: =A62+1 -> 62 | F63: =IF(OR(D63=0,E63=0),"",D63/E63*100) | G63: =IF(F63="","",IF(F63>=100,1,IF(F63<=60,0,(F63-60)/40))) | H63: =IF($C63<>"Yes","NOT ELIGIBLE – No Business Plan exists",IF(G63=1,"Fully compliant – universal coverage",IF(G63=0,"Non-compliant – below minimum threshold","Partially compliant – improving toward full"))) -> NOT ELIGIBLE – No Business Plan exists
... A85: =A84+1 -> 84 | F85: =IF(OR(D85=0,E85=0),"",D85/E85*100) | G85: =IF(F85="","",IF(F85>=100,1,IF(F85<=60,0,(F85-60)/40))) | H85: =IF($C85<>"Yes","NOT ELIGIBLE – No Business Plan exists",IF(G85=1,"Fully compliant – universal coverage",IF(G85=0,"Non-compliant – below minimum threshold","Partially compliant – improving toward full"))) -> NOT ELIGIBLE – No Business Plan exists

Sheet Adequacy
A1: WSUC_ID | B1: WSUC_Name | C1: Scheme_Type | D1: Billed_Volume(m3) | E1: Population_served | F1: Days | G1: Actual_LPCD | H1: Target_LPCD | I1: LPCD % | J1: Computed_score | K1: Interpretation
A2: 1 | B2: Lubhu_WSUC | D2: 1500 | F2: 30 | G2: =IF(AND(D2>0,E2>0,F2>0),(D2*1000)/(E2*F2),"") | H2: =IF(C2="Gravity",120,IF(C2="Pumped",100,IF(C2="Rural",45," "))) | I2: =IF(AND(G2<>"",H2>0),G2/H2*100,"") | J2: =IF(I2="","",IF(C2="Rural",IF(I2>=45,1,IF(AND(I2>=20,I2<45),(I2-19.99)/25,0)),IF(I2>=100,1,IF(AND(I2>=45,I2<100),(I2-45)/55,0)))) | K2: =IF(J2="","",IF(J2=1,"Fully compliant with benchmark",IF(J2=0,"Non-compliant; below minimum threshold","Partially compliant; improving progressively")))
A3: =A2+1 -> 2 | B3: Shivalaya_WSUC | C3: Gravity | D3: 2055 | E3: 15000 | F3: 30 | G3: =IF(AND(D3>0,E3>0,F3>0),(D3*1000)/(E3*F3),"") -> 4.5666667 | H3: =IF(C3="Gravity",120,IF(C3="Pumped",100,IF(C3="Rural",45," "))) -> 120 | I3: =IF(AND(G3<>"",H3>0),G3/H3*100,"") -> 3.8055556 | J3: =IF(I3="","",IF(C3="Rural",IF(I3>=45,1,IF(AND(I3>=20,I3<45),(I3-19.99)/25,0)),IF(I3>=100,1,IF(AND(I3>=45,I3<100),(I3-45)/55,0)))) -> 0 | K3: =IF(J3="","",IF(J3=1,"Fully compliant with benchmark",IF(J3=0,"Non-compliant; below minimum threshold","Partially compliant; improving progressively"))) -> Non-compliant; below minimum threshold
A4: =A3+1 -> 3 | B4: Ratnanagar_WSUC | D4: 12500 | E4: 90000 | F4: 30 | G4: =IF(AND(D4>0,E4>0,F4>0),(D4*1000)/(E4*F4),"") -> 4.6296296 | H4: =IF(C4="Gravity",120,IF(C4="Pumped",100,IF(C4="Rural",45," "))) | I4: =IF(AND(G4<>"",H4>0),G4/H4*100,"") -> #VALUE! | J4: =IF(I4="","",IF(C4="Rural",IF(I4>=45,1,IF(AND(I4>=20,I4<45),(I4-19.99)/25,0)),IF(I4>=100,1,IF(AND(I4>=45,I4<100),(I4-45)/55,0)))) -> #VALUE! | K4: =IF(J4="","",IF(J4=1,"Fully compliant with benchmark",IF(J4=0,"Non-compliant; below minimum threshold","Partially compliant; improving progressively"))) -> #VALUE!
A5: =A4+1 -> 4 | B5: Nirmalpokhari_WSUC | C5: Pumped | D5: 437 | E5: 11000 | F5: 30 | G5: =IF(AND(D5>0,E5>0,F5>0),(D5*1000)/(E5*F5),"") -> 1.3242424 | H5: =IF(C5="Gravity",120,IF(C5="Pumped",100,IF(C5="Rural",45," "))) -> 100 | I5: =IF(AND(G5<>"",H5>0),G5/H5*100,"") -> 1.3242424 | J5: =IF(I5="","",IF(C5="Rural",IF(I5>=45,1,IF(AND(I5>=20,I5<45),(I5-19.99)/25,0)),IF(I5>=100,1,IF(AND(I5>=45,I5<100),(I5-45)/55,0)))) -> 0 | K5: =IF(J5="","",IF(J5=1,"Fully compliant with benchmark",IF(J5=0,"Non-compliant; below minimum threshold","Partially compliant; improving progressively"))) -> Non-compliant; below minimum threshold
A6: =A5+1 -> 5 | B6: Bhimad_WSUC | D6: 1220 | F6: 30 | G6: =IF(AND(D6>0,E6>0,F6>0),(D6*1000)/(E6*F6),"") | H6: =IF(C6="Gravity",120,IF(C6="Pumped",100,IF(C6="Rural",45," "))) | I6: =IF(AND(G6<>"",H6>0),G6/H6*100,"") | J6: =IF(I6="","",IF(C6="Rural",IF(I6>=45,1,IF(AND(I6>=20,I6<45),(I6-19.99)/25,0)),IF(I6>=100,1,IF(AND(I6>=45,I6<100),(I6-45)/55,0)))) | K6: =IF(J6="","",IF(J6=1,"Fully compliant with benchmark",IF(J6=0,"Non-compliant; below minimum threshold","Partially compliant; improving progressively")))
A7: =A6+1 -> 6 | B7: Katunje_WSUC | D7: 2500 | E7: 19000 | F7: 30 | G7: =IF(AND(D7>0,E7>0,F7>0),(D7*1000)/(E7*F7),"") -> 4.3859649 | H7: =IF(C7="Gravity",120,IF(C7="Pumped",100,IF(C7="Rural",45," "))) | I7: =IF(AND(G7<>"",H7>0),G7/H7*100,"") -> #VALUE! | J7: =IF(I7="","",IF(C7="Rural",IF(I7>=45,1,IF(AND(I7>=20,I7<45),(I7-19.99)/25,0)),IF(I7>=100,1,IF(AND(I7>=45,I7<100),(I7-45)/55,0)))) -> #VALUE! | K7: =IF(J7="","",IF(J7=1,"Fully compliant with benchmark",IF(J7=0,"Non-compliant; below minimum threshold","Partially compliant; improving progressively"))) -> #VALUE!
A8: =A7+1 -> 7 | B8: Nijgad_WSUC | D8: 2000 | F8: 30 | G8: =IF(AND(D8>0,E8>0,F8>0),(D8*1000)/(E8*F8),"") | H8: =IF(C8="Gravity",120,IF(C8="Pumped",100,IF(C8="Rural",45," "))) | I8: =IF(AND(G8<>"",H8>0),G8/H8*100,"") | J8: =IF(I8="","",IF(C8="Rural",IF(I8>=45,1,IF(AND(I8>=20,I8<45),(I8-19.99)/25,0)),IF(I8>=100,1,IF(AND(I8>=45,I8<100),(I8-45)/55,0)))) | K8: =IF(J8="","",IF(J8=1,"Fully compliant with benchmark",IF(J8=0,"Non-compliant; below minimum threshold","Partially compliant; improving progressively")))
A9: =A8+1 -> 8 | B9: Tinthana_WSUC | D9: 1300 | F9: 30 | G9: =IF(AND(D9>0,E9>0,F9>0),(D9*1000)/(E9*F9),"") | H9: =IF(C9="Gravity",120,IF(C9="Pumped",100,IF(C9="Rural",45," "))) | I9: =IF(AND(G9<>"",H9>0),G9/H9*100,"") | J9: =IF(I9="","",IF(C9="Rural",IF(I9>=45,1,IF(AND(I9>=20,I9<45),(I9-19.99)/25,0)),IF(I9>=100,1,IF(AND(I9>=45,I9<100),(I9-45)/55,0)))) | K9: =IF(J9="","",IF(J9=1,"Fully compliant with benchmark",IF(J9=0,"Non-compliant; below minimum threshold","Partially compliant; improving progressively")))
A10: =A9+1 -> 9 | B10: Birgunj_WSUC | F10: 30 | G10: =IF(AND(D10>0,E10>0,F10>0),(D10*1000)/(E10*F10),"") | H10: =IF(C10="Gravity",120,IF(C10="Pumped",100,IF(C10="Rural",45," "))) | I10: =IF(AND(G10<>"",H10>0),G10/H10*100,"") | J10: =IF(I10="","",IF(C10="Rural",IF(I10>=45,1,IF(AND(I10>=20,I10<45),(I10-19.99)/25,0)),IF(I10>=100,1,IF(AND(I10>=45,I10<100),(I10-45)/55,0)))) | K10: =IF(J10="","",IF(J10=1,"Fully compliant with benchmark",IF(J10=0,"Non-compliant; below minimum threshold","Partially compliant; improving progressively")))
A11: =A10+1 -> 10 | B11: Gaur_WSUC | D11: 675 | F11: 30 | G11: =IF(AND(D11>0,E11>0,F11>0),(D11*1000)/(E11*F11),"") | H11: =IF(C11="Gravity",120,IF(C11="Pumped",100,IF(C11="Rural",45," "))) | I11: =IF(AND(G11<>"",H11>0),G11/H11*100,"") | J11: =IF(I11="","",IF(C11="Rural",IF(I11>=45,1,IF(AND(I11>=20,I11<45),(I11-19.99)/25,0)),IF(I11>=100,1,IF(AND(I11>=45,I11<100),(I11-45)/55,0)))) | K11: =IF(J11="","",IF(J11=1,"Fully compliant with benchmark",IF(J11=0,"Non-compliant; below minimum threshold","Partially compliant; improving progressively")))
A12: =A11+1 -> 11 | B12: Beni_WSUC | G12: =IF(AND(D12>0,E12>0,F12>0),(D12*1000)/(E12*F12),"") | H12: =IF(C12="Gravity",120,IF(C12="Pumped",100,IF(C12="Rural",45," "))) | I12: =IF(AND(G12<>"",H12>0),G12/H12*100,"") | J12: =IF(I12="","",IF(C12="Rural",IF(I12>=45,1,IF(AND(I12>=20,I12<45),(I12-19.99)/25,0)),IF(I12>=100,1,IF(AND(I12>=45,I12<100),(I12-45)/55,0)))) | K12: =IF(J12="","",IF(J12=1,"Fully compliant with benchmark",IF(J12=0,"Non-compliant; below minimum threshold","Partially compliant; improving progressively")))
A13: =A12+1 -> 12 | B13: Narayansthan_WSUC | G13: =IF(AND(D13>0,E13>0,F13>0),(D13*1000)/(E13*F13),"") | H13: =IF(C13="Gravity",120,IF(C13="Pumped",100,IF(C13="Rural",45," "))) | I13: =IF(AND(G13<>"",H13>0),G13/H13*100,"") | J13: =IF(I13="","",IF(C13="Rural",IF(I13>=45,1,IF(AND(I13>=20,I13<45),(I13-19.99)/25,0)),IF(I13>=100,1,IF(AND(I13>=45,I13<100),(I13-45)/55,0)))) | K13: =IF(J13="","",IF(J13=1,"Fully compliant with benchmark",IF(J13=0,"Non-compliant; below minimum threshold","Partially compliant; improving progressively")))
A14: =A13+1 -> 13 | B14: Diktel_WSUC | G14: =IF(AND(D14>0,E14>0,F14>0),(D14*1000)/(E14*F14),"") | H14: =IF(C14="Gravity",120,IF(C14="Pumped",100,IF(C14="Rural",45," "))) | I14: =IF(AND(G14<>"",H14>0),G14/H14*100,"") | J14: =IF(I14="","",IF(C14="Rural",IF(I14>=45,1,IF(AND(I14>=20,I14<45),(I14-19.99)/25,0)),IF(I14>=100,1,IF(AND(I14>=45,I14<100),(I14-45)/55,0)))) | K14: =IF(J14="","",IF(J14=1,"Fully compliant with benchmark",IF(J14=0,"Non-compliant; below minimum threshold","Partially compliant; improving progressively")))
A15: =A14+1 -> 14 | B15: Parsa_WSUC | G15: =IF(AND(D15>0,E15>0,F15>0),(D15*1000)/(E15*F15),"") | H15: =IF(C15="Gravity",120,IF(C15="Pumped",100,IF(C15="Rural",45," "))) | I15: =IF(AND(G15<>"",H15>0),G15/H15*100,"") | J15: =IF(I15="","",IF(C15="Rural",IF(I15>=45,1,IF(AND(I15>=20,I15<45),(I15-19.99)/25,0)),IF(I15>=100,1,IF(AND(I15>=45,I15<100),(I15-45)/55,0)))) | K15: =IF(J15="","",IF(J15=1,"Fully compliant with benchmark",IF(J15=0,"Non-compliant; below minimum threshold","Partially compliant; improving progressively")))
A16: =A15+1 -> 15 | B16: Saradanagar_WSUC | G16: =IF(AND(D16>0,E16>0,F16>0),(D16*1000)/(E16*F16),"") | H16: =IF(C16="Gravity",120,IF(C16="Pumped",100,IF(C16="Rural",45," "))) | I16: =IF(AND(G16<>"",H16>0),G16/H16*100,"") | J16: =IF(I16="","",IF(C16="Rural",IF(I16>=45,1,IF(AND(I16>=20,I16<45),(I16-19.99)/25,0)),IF(I16>=100,1,IF(AND(I16>=45,I16<100),(I16-45)/55,0)))) | K16: =IF(J16="","",IF(J16=1,"Fully compliant with benchmark",IF(J16=0,"Non-compliant; below minimum threshold","Partially compliant; improving progressively")))
A17: =A16+1 -> 16 | B17: Gunjanagar_WSUC | G17: =IF(AND(D17>0,E17>0,F17>0),(D17*1000)/(E17*F17),"") | H17: =IF(C17="Gravity",120,IF(C17="Pumped",100,IF(C17="Rural",45," "))) | I17: =IF(AND(G17<>"",H17>0),G17/H17*100,"") | J17: =IF(I17="","",IF(C17="Rural",IF(I17>=45,1,IF(AND(I17>=20,I17<45),(I17-19.99)/25,0)),IF(I17>=100,1,IF(AND(I17>=45,I17<100),(I17-45)/55,0)))) | K17: =IF(J17="","",IF(J17=1,"Fully compliant with benchmark",IF(J17=0,"Non-compliant; below minimum threshold","Partially compliant; improving progressively")))
A18: =A17+1 -> 17 | B18: Meghauli_WSUC | G18: =IF(AND(D18>0,E18>0,F18>0),(D18*1000)/(E18*F18),"") | H18: =IF(C18="Gravity",120,IF(C18="Pumped",100,IF(C18="Rural",45," "))) | I18: =IF(AND(G18<>"",H18>0),G18/H18*100,"") | J18: =IF(I18="","",IF(C18="Rural",IF(I18>=45,1,IF(AND(I18>=20,I18<45),(I18-19.99)/25,0)),IF(I18>=100,1,IF(AND(I18>=45,I18<100),(I18-45)/55,0)))) | K18: =IF(J18="","",IF(J18=1,"Fully compliant with benchmark",IF(J18=0,"Non-compliant; below minimum threshold","Partially compliant; improving progressively")))
A19: =A18+1 -> 18 | B19: Sukranagar_WSUC | G19: =IF(AND(D19>0,E19>0,F19>0),(D19*1000)/(E19*F19),"") | H19: =IF(C19="Gravity",120,IF(C19="Pumped",100,IF(C19="Rural",45," "))) | I19: =IF(AND(G19<>"",H19>0),G19/H19*100,"") | J19: =IF(I19="","",IF(C19="Rural",IF(I19>=45,1,IF(AND(I19>=20,I19<45),(I19-19.99)/25,0)),IF(I19>=100,1,IF(AND(I19>=45,I19<100),(I19-45)/55,0)))) | K19: =IF(J19="","",IF(J19=1,"Fully compliant with benchmark",IF(J19=0,"Non-compliant; below minimum threshold","Partially compliant; improving progressively")))
A20: =A19+1 -> 19 | B20: Pithuwa_WSUC | G20: =IF(AND(D20>0,E20>0,F20>0),(D20*1000)/(E20*F20),"") | H20: =IF(C20="Gravity",120,IF(C20="Pumped",100,IF(C20="Rural",45," "))) | I20: =IF(AND(G20<>"",H20>0),G20/H20*100,"") | J20: =IF(I20="","",IF(C20="Rural",IF(I20>=45,1,IF(AND(I20>=20,I20<45),(I20-19.99)/25,0)),IF(I20>=100,1,IF(AND(I20>=45,I20<100),(I20-45)/55,0)))) | K20: =IF(J20="","",IF(J20=1,"Fully compliant with benchmark",IF(J20=0,"Non-compliant; below minimum threshold","Partially compliant; improving progressively")))
A21: =A20+1 -> 20 | B21: Jutpani_WSUC | G21: =IF(AND(D21>0,E21>0,F21>0),(D21*1000)/(E21*F21),"") | H21: =IF(C21="Gravity",120,IF(C21="Pumped",100,IF(C21="Rural",45," "))) | I21: =IF(AND(G21<>"",H21>0),G21/H21*100,"") | J21: =IF(I21="","",IF(C21="Rural",IF(I21>=45,1,IF(AND(I21>=20,I21<45),(I21-19.99)/25,0)),IF(I21>=100,1,IF(AND(I21>=45,I21<100),(I21-45)/55,0)))) | K21: =IF(J21="","",IF(J21=1,"Fully compliant with benchmark",IF(J21=0,"Non-compliant; below minimum threshold","Partially compliant; improving progressively")))
A22: =A21+1 -> 21 | B22: Namunashivanagar_WSUC | G22: =IF(AND(D22>0,E22>0,F22>0),(D22*1000)/(E22*F22),"") | H22: =IF(C22="Gravity",120,IF(C22="Pumped",100,IF(C22="Rural",45," "))) | I22: =IF(AND(G22<>"",H22>0),G22/H22*100,"") | J22: =IF(I22="","",IF(C22="Rural",IF(I22>=45,1,IF(AND(I22>=20,I22<45),(I22-19.99)/25,0)),IF(I22>=100,1,IF(AND(I22>=45,I22<100),(I22-45)/55,0)))) | K22: =IF(J22="","",IF(J22=1,"Fully compliant with benchmark",IF(J22=0,"Non-compliant; below minimum threshold","Partially compliant; improving progressively")))
A23: =A22+1 -> 22 | B23: Gaidakot_Pumping_WSUC | G23: =IF(AND(D23>0,E23>0,F23>0),(D23*1000)/(E23*F23),"") | H23: =IF(C23="Gravity",120,IF(C23="Pumped",100,IF(C23="Rural",45," "))) | I23: =IF(AND(G23<>"",H23>0),G23/H23*100,"") | J23: =IF(I23="","",IF(C23="Rural",IF(I23>=45,1,IF(AND(I23>=20,I23<45),(I23-19.99)/25,0)),IF(I23>=100,1,IF(AND(I23>=45,I23<100),(I23-45)/55,0)))) | K23: =IF(J23="","",IF(J23=1,"Fully compliant with benchmark",IF(J23=0,"Non-compliant; below minimum threshold","Partially compliant; improving progressively")))
... A35: =A34+1 -> 34 | B35: Ghorahi_WSUC | G35: =IF(AND(D35>0,E35>0,F35>0),(D35*1000)/(E35*F35),"") | H35: =IF(C35="Gravity",120,IF(C35="Pumped",100,IF(C35="Rural",45," "))) | I35: =IF(AND(G35<>"",H35>0),G35/H35*100,"") | J35: =IF(I35="","",IF(C35="Rural",IF(I35>=45,1,IF(AND(I35>=20,I35<45),(I35-19.99)/25,0)),IF(I35>=100,1,IF(AND(I35>=45,I35<100),(I35-45)/55,0)))) | K35: =IF(J35="","",IF(J35=1,"Fully compliant with benchmark",IF(J35=0,"Non-compliant; below minimum threshold","Partially compliant; improving progressively")))
A36: =A35+1 -> 35 | B36: Yasok Sukkha Area Tamor Pumping_WSUC | C36: Pumped | D36: 24000 | E36: 9100 | F36: 30 | G36: =IF(AND(D36>0,E36>0,F36>0),(D36*1000)/(E36*F36),"") -> 87.912088 | H36: =IF(C36="Gravity",120,IF(C36="Pumped",100,IF(C36="Rural",45," "))) -> 100 | I36: =IF(AND(G36<>"",H36>0),G36/H36*100,"") -> 87.912088 | J36: =IF(I36="","",IF(C36="Rural",IF(I36>=45,1,IF(AND(I36>=20,I36<45),(I36-19.99)/25,0)),IF(I36>=100,1,IF(AND(I36>=45,I36<100),(I36-45)/55,0)))) -> 0.78021978 | K36: =IF(J36="","",IF(J36=1,"Fully compliant with benchmark",IF(J36=0,"Non-compliant; below minimum threshold","Partially compliant; improving progressively"))) -> Partially compliant; improving progressively
A37: =A36+1 -> 36 | B37: Phidim_WSUC | C37: Gravity | D37: 132000 | E37: 11988 | F37: 30 | G37: =IF(AND(D37>0,E37>0,F37>0),(D37*1000)/(E37*F37),"") -> 367.0337 | H37: =IF(C37="Gravity",120,IF(C37="Pumped",100,IF(C37="Rural",45," "))) -> 120 | I37: =IF(AND(G37<>"",H37>0),G37/H37*100,"") -> 305.86142 | J37: =IF(I37="","",IF(C37="Rural",IF(I37>=45,1,IF(AND(I37>=20,I37<45),(I37-19.99)/25,0)),IF(I37>=100,1,IF(AND(I37>=45,I37<100),(I37-45)/55,0)))) -> 1 | K37: =IF(J37="","",IF(J37=1,"Fully compliant with benchmark",IF(J37=0,"Non-compliant; below minimum threshold","Partially compliant; improving progressively"))) -> Fully compliant with benchmark
A38: =A37+1 -> 37 | B38: Taplejung_WSUC | C38: Gravity | D38: 16800 | E38: 8485 | F38: 30 | G38: =IF(AND(D38>0,E38>0,F38>0),(D38*1000)/(E38*F38),"") -> 65.998821 | H38: =IF(C38="Gravity",120,IF(C38="Pumped",100,IF(C38="Rural",45," "))) -> 120 | I38: =IF(AND(G38<>"",H38>0),G38/H38*100,"") -> 54.999018 | J38: =IF(I38="","",IF(C38="Rural",IF(I38>=45,1,IF(AND(I38>=20,I38<45),(I38-19.99)/25,0)),IF(I38>=100,1,IF(AND(I38>=45,I38<100),(I38-45)/55,0)))) -> 0.18180032 | K38: =IF(J38="","",IF(J38=1,"Fully compliant with benchmark",IF(J38=0,"Non-compliant; below minimum threshold","Partially compliant; improving progressively"))) -> Partially compliant; improving progressively
A39: =A38+1 -> 38 | B39: Ilam Bazaar Urban_WSUC | C39: Gravity | D39: 75000 | E39: 22000 | F39: 30 | G39: =IF(AND(D39>0,E39>0,F39>0),(D39*1000)/(E39*F39),"") -> 113.63636 | H39: =IF(C39="Gravity",120,IF(C39="Pumped",100,IF(C39="Rural",45," "))) -> 120 | I39: =IF(AND(G39<>"",H39>0),G39/H39*100,"") -> 94.69697 | J39: =IF(I39="","",IF(C39="Rural",IF(I39>=45,1,IF(AND(I39>=20,I39<45),(I39-19.99)/25,0)),IF(I39>=100,1,IF(AND(I39>=45,I39<100),(I39-45)/55,0)))) -> 0.90358127 | K39: =IF(J39="","",IF(J39=1,"Fully compliant with benchmark",IF(J39=0,"Non-compliant; below minimum threshold","Partially compliant; improving progressively"))) -> Partially compliant; improving progressively
A40: =A39+1 -> 39 | B40: Dhankuta_WSUC | C40: Pumped | D40: 6745 | E40: 18750 | F40: 30 | G40: =IF(AND(D40>0,E40>0,F40>0),(D40*1000)/(E40*F40),"") -> 11.991111 | H40: =IF(C40="Gravity",120,IF(C40="Pumped",100,IF(C40="Rural",45," "))) -> 100 | I40: =IF(AND(G40<>"",H40>0),G40/H40*100,"") -> 11.991111 | J40: =IF(I40="","",IF(C40="Rural",IF(I40>=45,1,IF(AND(I40>=20,I40<45),(I40-19.99)/25,0)),IF(I40>=100,1,IF(AND(I40>=45,I40<100),(I40-45)/55,0)))) -> 0 | K40: =IF(J40="","",IF(J40=1,"Fully compliant with benchmark",IF(J40=0,"Non-compliant; below minimum threshold","Partially compliant; improving progressively"))) -> Non-compliant; below minimum threshold
A41: =A40+1 -> 40 | B41: Khandbari_WSUC | C41: Gravity | D41: 24000 | E41: 12500 | F41: 30 | G41: =IF(AND(D41>0,E41>0,F41>0),(D41*1000)/(E41*F41),"") -> 64 | H41: =IF(C41="Gravity",120,IF(C41="Pumped",100,IF(C41="Rural",45," "))) -> 120 | I41: =IF(AND(G41<>"",H41>0),G41/H41*100,"") -> 53.333333 | J41: =IF(I41="","",IF(C41="Rural",IF(I41>=45,1,IF(AND(I41>=20,I41<45),(I41-19.99)/25,0)),IF(I41>=100,1,IF(AND(I41>=45,I41<100),(I41-45)/55,0)))) -> 0.15151515 | K41: =IF(J41="","",IF(J41=1,"Fully compliant with benchmark",IF(J41=0,"Non-compliant; below minimum threshold","Partially compliant; improving progressively"))) -> Partially compliant; improving progressively
A42: =A41+1 -> 41 | B42: Halesi Area Khotang Large Pumping | C42: Pumped | D42: 200 | E42: 11000 | F42: 30 | G42: =IF(AND(D42>0,E42>0,F42>0),(D42*1000)/(E42*F42),"") -> 0.60606061 | H42: =IF(C42="Gravity",120,IF(C42="Pumped",100,IF(C42="Rural",45," "))) -> 100 | I42: =IF(AND(G42<>"",H42>0),G42/H42*100,"") -> 0.60606061 | J42: =IF(I42="","",IF(C42="Rural",IF(I42>=45,1,IF(AND(I42>=20,I42<45),(I42-19.99)/25,0)),IF(I42>=100,1,IF(AND(I42>=45,I42<100),(I42-45)/55,0)))) -> 0 | K42: =IF(J42="","",IF(J42=1,"Fully compliant with benchmark",IF(J42=0,"Non-compliant; below minimum threshold","Partially compliant; improving progressively"))) -> Non-compliant; below minimum threshold
A43: =A42+1 -> 42 | B43: Kakarvitta_WSUC | C43: Pumped | G43: =IF(AND(D43>0,E43>0,F43>0),(D43*1000)/(E43*F43),"") | H43: =IF(C43="Gravity",120,IF(C43="Pumped",100,IF(C43="Rural",45," "))) -> 100 | I43: =IF(AND(G43<>"",H43>0),G43/H43*100,"") | J43: =IF(I43="","",IF(C43="Rural",IF(I43>=45,1,IF(AND(I43>=20,I43<45),(I43-19.99)/25,0)),IF(I43>=100,1,IF(AND(I43>=45,I43<100),(I43-45)/55,0)))) | K43: =IF(J43="","",IF(J43=1,"Fully compliant with benchmark",IF(J43=0,"Non-compliant; below minimum threshold","Partially compliant; improving progressively")))
A44: =A43+1 -> 43 | B44: Khalanga_WSUC | C44: Gravity | D44: 150 | E44: 11956 | F44: 30 | G44: =IF(AND(D44>0,E44>0,F44>0),(D44*1000)/(E44*F44),"") -> 0.41820007 | H44: =IF(C44="Gravity",120,IF(C44="Pumped",100,IF(C44="Rural",45," "))) -> 120 | I44: =IF(AND(G44<>"",H44>0),G44/H44*100,"") -> 0.34850006 | J44: =IF(I44="","",IF(C44="Rural",IF(I44>=45,1,IF(AND(I44>=20,I44<45),(I44-19.99)/25,0)),IF(I44>=100,1,IF(AND(I44>=45,I44<100),(I44-45)/55,0)))) -> 0 | K44: =IF(J44="","",IF(J44=1,"Fully compliant with benchmark",IF(J44=0,"Non-compliant; below minimum threshold","Partially compliant; improving progressively"))) -> Non-compliant; below minimum threshold
A45: =A44+1 -> 44 | B45: Nala_WSUC | C45: Pumped | E45: 2055 | G45: =IF(AND(D45>0,E45>0,F45>0),(D45*1000)/(E45*F45),"") | H45: =IF(C45="Gravity",120,IF(C45="Pumped",100,IF(C45="Rural",45," "))) -> 100 | I45: =IF(AND(G45<>"",H45>0),G45/H45*100,"") | J45: =IF(I45="","",IF(C45="Rural",IF(I45>=45,1,IF(AND(I45>=20,I45<45),(I45-19.99)/25,0)),IF(I45>=100,1,IF(AND(I45>=45,I45<100),(I45-45)/55,0)))) | K45: =IF(J45="","",IF(J45=1,"Fully compliant with benchmark",IF(J45=0,"Non-compliant; below minimum threshold","Partially compliant; improving progressively")))
A46: =A45+1 -> 45 | B46: Dukuchhap_WSUC | C46: Pumped | E46: 3879 | F46: 30 | G46: =IF(AND(D46>0,E46>0,F46>0),(D46*1000)/(E46*F46),"") | H46: =IF(C46="Gravity",120,IF(C46="Pumped",100,IF(C46="Rural",45," "))) -> 100 | I46: =IF(AND(G46<>"",H46>0),G46/H46*100,"") | J46: =IF(I46="","",IF(C46="Rural",IF(I46>=45,1,IF(AND(I46>=20,I46<45),(I46-19.99)/25,0)),IF(I46>=100,1,IF(AND(I46>=45,I46<100),(I46-45)/55,0)))) | K46: =IF(J46="","",IF(J46=1,"Fully compliant with benchmark",IF(J46=0,"Non-compliant; below minimum threshold","Partially compliant; improving progressively")))
A47: =A46+1 -> 46 | B47: Kalitar_WSUC | E47: 559 | F47: 30 | G47: =IF(AND(D47>0,E47>0,F47>0),(D47*1000)/(E47*F47),"") | H47: =IF(C47="Gravity",120,IF(C47="Pumped",100,IF(C47="Rural",45," "))) | I47: =IF(AND(G47<>"",H47>0),G47/H47*100,"") | J47: =IF(I47="","",IF(C47="Rural",IF(I47>=45,1,IF(AND(I47>=20,I47<45),(I47-19.99)/25,0)),IF(I47>=100,1,IF(AND(I47>=45,I47<100),(I47-45)/55,0)))) | K47: =IF(J47="","",IF(J47=1,"Fully compliant with benchmark",IF(J47=0,"Non-compliant; below minimum threshold","Partially compliant; improving progressively")))
A48: =A47+1 -> 47 | B48: Jaubari Gahu Bari _WSUC | E48: 559 | G48: =IF(AND(D48>0,E48>0,F48>0),(D48*1000)/(E48*F48),"") | H48: =IF(C48="Gravity",120,IF(C48="Pumped",100,IF(C48="Rural",45," "))) | I48: =IF(AND(G48<>"",H48>0),G48/H48*100,"") | J48: =IF(I48="","",IF(C48="Rural",IF(I48>=45,1,IF(AND(I48>=20,I48<45),(I48-19.99)/25,0)),IF(I48>=100,1,IF(AND(I48>=45,I48<100),(I48-45)/55,0)))) | K48: =IF(J48="","",IF(J48=1,"Fully compliant with benchmark",IF(J48=0,"Non-compliant; below minimum threshold","Partially compliant; improving progressively")))
A49: =A48+1 -> 48 | B49: Lekhnath_WSUC | C49: Pumped | D49: 12040 | E49: 120000 | F49: 30 | G49: =IF(AND(D49>0,E49>0,F49>0),(D49*1000)/(E49*F49),"") -> 3.3444444 | H49: =IF(C49="Gravity",120,IF(C49="Pumped",100,IF(C49="Rural",45," "))) -> 100 | I49: =IF(AND(G49<>"",H49>0),G49/H49*100,"") -> 3.3444444 | J49: =IF(I49="","",IF(C49="Rural",IF(I49>=45,1,IF(AND(I49>=20,I49<45),(I49-19.99)/25,0)),IF(I49>=100,1,IF(AND(I49>=45,I49<100),(I49-45)/55,0)))) -> 0 | K49: =IF(J49="","",IF(J49=1,"Fully compliant with benchmark",IF(J49=0,"Non-compliant; below minimum threshold","Partially compliant; improving progressively"))) -> Non-compliant; below minimum threshold
A50: =A49+1 -> 49 | B50: =Spatial!B50 -> Waling_WSUC | D50: 1100 | E50: 30000 | F50: 30 | G50: =IF(AND(D50>0,E50>0,F50>0),(D50*1000)/(E50*F50),"") -> 1.2222222 | H50: =IF(C50="Gravity",120,IF(C50="Pumped",100,IF(C50="Rural",45," "))) | I50: =IF(AND(G50<>"",H50>0),G50/H50*100,"") -> #VALUE! | J50: =IF(I50="","",IF(C50="Rural",IF(I50>=45,1,IF(AND(I50>=20,I50<45),(I50-19.99)/25,0)),IF(I50>=100,1,IF(AND(I50>=45,I50<100),(I50-45)/55,0)))) -> #VALUE! | K50: =IF(J50="","",IF(J50=1,"Fully compliant with benchmark",IF(J50=0,"Non-compliant; below minimum threshold","Partially compliant; improving progressively"))) -> #VALUE!
A51: =A50+1 -> 50 | B51: =Spatial!B51 -> Baglung_WSUC | D51: 2307.8 | E51: 60000 | F51: 30 | G51: =IF(AND(D51>0,E51>0,F51>0),(D51*1000)/(E51*F51),"") -> 1.2821111 | H51: =IF(C51="Gravity",120,IF(C51="Pumped",100,IF(C51="Rural",45," "))) | I51: =IF(AND(G51<>"",H51>0),G51/H51*100,"") -> #VALUE! | J51: =IF(I51="","",IF(C51="Rural",IF(I51>=45,1,IF(AND(I51>=20,I51<45),(I51-19.99)/25,0)),IF(I51>=100,1,IF(AND(I51>=45,I51<100),(I51-45)/55,0)))) -> #VALUE! | K51: =IF(J51="","",IF(J51=1,"Fully compliant with benchmark",IF(J51=0,"Non-compliant; below minimum threshold","Partially compliant; improving progressively"))) -> #VALUE!
A52: =A51+1 -> 51 | G52: =IF(AND(D52>0,E52>0,F52>0),(D52*1000)/(E52*F52),"") | H52: =IF(C52="Gravity",120,IF(C52="Pumped",100,IF(C52="Rural",45," "))) | I52: =IF(AND(G52<>"",H52>0),G52/H52*100,"") | J52: =IF(I52="","",IF(C52="Rural",IF(I52>=45,1,IF(AND(I52>=20,I52<45),(I52-19.99)/25,0)),IF(I52>=100,1,IF(AND(I52>=45,I52<100),(I52-45)/55,0)))) | K52: =IF(J52="","",IF(J52=1,"Fully compliant with benchmark",IF(J52=0,"Non-compliant; below minimum threshold","Partially compliant; improving progressively")))
A53: =A52+1 -> 52 | G53: =IF(AND(D53>0,E53>0,F53>0),(D53*1000)/(E53*F53),"") | H53: =IF(C53="Gravity",120,IF(C53="Pumped",100,IF(C53="Rural",45," "))) | I53: =IF(AND(G53<>"",H53>0),G53/H53*100,"") | J53: =IF(I53="","",IF(C53="Rural",IF(I53>=45,1,IF(AND(I53>=20,I53<45),(I53-19.99)/25,0)),IF(I53>=100,1,IF(AND(I53>=45,I53<100),(I53-45)/55,0)))) | K53: =IF(J53="","",IF(J53=1,"Fully compliant with benchmark",IF(J53=0,"Non-compliant; below minimum threshold","Partially compliant; improving progressively")))
A54: =A53+1 -> 53 | G54: =IF(AND(D54>0,E54>0,F54>0),(D54*1000)/(E54*F54),"") | H54: =IF(C54="Gravity",120,IF(C54="Pumped",100,IF(C54="Rural",45," "))) | I54: =IF(AND(G54<>"",H54>0),G54/H54*100,"") | J54: =IF(I54="","",IF(C54="Rural",IF(I54>=45,1,IF(AND(I54>=20,I54<45),(I54-19.99)/25,0)),IF(I54>=100,1,IF(AND(I54>=45,I54<100),(I54-45)/55,0)))) | K54: =IF(J54="","",IF(J54=1,"Fully compliant with benchmark",IF(J54=0,"Non-compliant; below minimum threshold","Partially compliant; improving progressively")))
A55: =A54+1 -> 54 | G55: =IF(AND(D55>0,E55>0,F55>0),(D55*1000)/(E55*F55),"") | H55: =IF(C55="Gravity",120,IF(C55="Pumped",100,IF(C55="Rural",45," "))) | I55: =IF(AND(G55<>"",H55>0),G55/H55*100,"") | J55: =IF(I55="","",IF(C55="Rural",IF(I55>=45,1,IF(AND(I55>=20,I55<45),(I55-19.99)/25,0)),IF(I55>=100,1,IF(AND(I55>=45,I55<100),(I55-45)/55,0)))) | K55: =IF(J55="","",IF(J55=1,"Fully compliant with benchmark",IF(J55=0,"Non-compliant; below minimum threshold","Partially compliant; improving progressively")))
A56: =A55+1 -> 55 | G56: =IF(AND(D56>0,E56>0,F56>0),(D56*1000)/(E56*F56),"") | H56: =IF(C56="Gravity",120,IF(C56="Pumped",100,IF(C56="Rural",45," "))) | I56: =IF(AND(G56<>"",H56>0),G56/H56*100,"") | J56: =IF(I56="","",IF(C56="Rural",IF(I56>=45,1,IF(AND(I56>=20,I56<45),(I56-19.99)/25,0)),IF(I56>=100,1,IF(AND(I56>=45,I56<100),(I56-45)/55,0)))) | K56: =IF(J56="","",IF(J56=1,"Fully compliant with benchmark",IF(J56=0,"Non-compliant; below minimum threshold","Partially compliant; improving progressively")))
A57: =A56+1 -> 56 | G57: =IF(AND(D57>0,E57>0,F57>0),(D57*1000)/(E57*F57),"") | H57: =IF(C57="Gravity",120,IF(C57="Pumped",100,IF(C57="Rural",45," "))) | I57: =IF(AND(G57<>"",H57>0),G57/H57*100,"") | J57: =IF(I57="","",IF(C57="Rural",IF(I57>=45,1,IF(AND(I57>=20,I57<45),(I57-19.99)/25,0)),IF(I57>=100,1,IF(AND(I57>=45,I57<100),(I57-45)/55,0)))) | K57: =IF(J57="","",IF(J57=1,"Fully compliant with benchmark",IF(J57=0,"Non-compliant; below minimum threshold","Partially compliant; improving progressively")))
A58: =A57+1 -> 57 | G58: =IF(AND(D58>0,E58>0,F58>0),(D58*1000)/(E58*F58),"") | H58: =IF(C58="Gravity",120,IF(C58="Pumped",100,IF(C58="Rural",45," "))) | I58: =IF(AND(G58<>"",H58>0),G58/H58*100,"") | J58: =IF(I58="","",IF(C58="Rural",IF(I58>=45,1,IF(AND(I58>=20,I58<45),(I58-19.99)/25,0)),IF(I58>=100,1,IF(AND(I58>=45,I58<100),(I58-45)/55,0)))) | K58: =IF(J58="","",IF(J58=1,"Fully compliant with benchmark",IF(J58=0,"Non-compliant; below minimum threshold","Partially compliant; improving progressively")))
A59: =A58+1 -> 58 | G59: =IF(AND(D59>0,E59>0,F59>0),(D59*1000)/(E59*F59),"") | H59: =IF(C59="Gravity",120,IF(C59="Pumped",100,IF(C59="Rural",45," "))) | I59: =IF(AND(G59<>"",H59>0),G59/H59*100,"") | J59: =IF(I59="","",IF(C59="Rural",IF(I59>=45,1,IF(AND(I59>=20,I59<45),(I59-19.99)/25,0)),IF(I59>=100,1,IF(AND(I59>=45,I59<100),(I59-45)/55,0)))) | K59: =IF(J59="","",IF(J59=1,"Fully compliant with benchmark",IF(J59=0,"Non-compliant; below minimum threshold","Partially compliant; improving progressively")))
A60: =A59+1 -> 59 | G60: =IF(AND(D60>0,E60>0,F60>0),(D60*1000)/(E60*F60),"") | H60: =IF(C60="Gravity",120,IF(C60="Pumped",100,IF(C60="Rural",45," "))) | I60: =IF(AND(G60<>"",H60>0),G60/H60*100,"") | J60: =IF(I60="","",IF(C60="Rural",IF(I60>=45,1,IF(AND(I60>=20,I60<45),(I60-19.99)/25,0)),IF(I60>=100,1,IF(AND(I60>=45,I60<100),(I60-45)/55,0)))) | K60: =IF(J60="","",IF(J60=1,"Fully compliant with benchmark",IF(J60=0,"Non-compliant; below minimum threshold","Partially compliant; improving progressively")))
A61: =A60+1 -> 60 | G61: =IF(AND(D61>0,E61>0,F61>0),(D61*1000)/(E61*F61),"") | H61: =IF(C61="Gravity",120,IF(C61="Pumped",100,IF(C61="Rural",45," "))) | I61: =IF(AND(G61<>"",H61>0),G61/H61*100,"") | J61: =IF(I61="","",IF(C61="Rural",IF(I61>=45,1,IF(AND(I61>=20,I61<45),(I61-19.99)/25,0)),IF(I61>=100,1,IF(AND(I61>=45,I61<100),(I61-45)/55,0)))) | K61: =IF(J61="","",IF(J61=1,"Fully compliant with benchmark",IF(J61=0,"Non-compliant; below minimum threshold","Partially compliant; improving progressively")))
A62: =A61+1 -> 61 | G62: =IF(AND(D62>0,E62>0,F62>0),(D62*1000)/(E62*F62),"") | H62: =IF(C62="Gravity",120,IF(C62="Pumped",100,IF(C62="Rural",45," "))) | I62: =IF(AND(G62<>"",H62>0),G62/H62*100,"") | J62: =IF(I62="","",IF(C62="Rural",IF(I62>=45,1,IF(AND(I62>=20,I62<45),(I62-19.99)/25,0)),IF(I62>=100,1,IF(AND(I62>=45,I62<100),(I62-45)/55,0)))) | K62: =IF(J62="","",IF(J62=1,"Fully compliant with benchmark",IF(J62=0,"Non-compliant; below minimum threshold","Partially compliant; improving progressively")))
A63: =A62+1 -> 62 | G63: =IF(AND(D63>0,E63>0,F63>0),(D63*1000)/(E63*F63),"") | H63: =IF(C63="Gravity",120,IF(C63="Pumped",100,IF(C63="Rural",45," "))) | I63: =IF(AND(G63<>"",H63>0),G63/H63*100,"") | J63: =IF(I63="","",IF(C63="Rural",IF(I63>=45,1,IF(AND(I63>=20,I63<45),(I63-19.99)/25,0)),IF(I63>=100,1,IF(AND(I63>=45,I63<100),(I63-45)/55,0)))) | K63: =IF(J63="","",IF(J63=1,"Fully compliant with benchmark",IF(J63=0,"Non-compliant; below minimum threshold","Partially compliant; improving progressively")))
... A87: =A86+1 -> 86 | G87: =IF(AND(D87>0,E87>0,F87>0),(D87*1000)/(E87*F87),"") | H87: =IF(C87="Gravity",120,IF(C87="Pumped",100,IF(C87="Rural",45," "))) | I87: =IF(AND(G87<>"",H87>0),G87/H87*100,"") | J87: =IF(I87="","",IF(C87="Rural",IF(I87>=45,1,IF(AND(I87>=20,I87<45),(I87-19.99)/25,0)),IF(I87>=100,1,IF(AND(I87>=45,I87<100),(I87-45)/55,0)))) | K87: =IF(J87="","",IF(J87=1,"Fully compliant with benchmark",IF(J87=0,"Non-compliant; below minimum threshold","Partially compliant; improving progressively")))
A164: SCORE GUIDE
A165: For Gravity and Pumped flow | E165: For Rural
A166: LPCD Range (%) | B166: Computed Score/ weight | C166: Performance Interpretation | E166: PCC Range (%) | F166: Computed Score/weight | G166: Performance Interpretation
A167: LPCD ≥ 100 | B167: 1 | C167: Fully compliant with service coverage benchmark | E167: PCC ≥ 45 | F167: 1 | G167: Fully compliant with service coverage benchmark
A168: 45 ≤ LPCD < 100 | B168: (PCC − 45) / 55 | C168: Partially compliant; service coverage improves progressively with PCC | E168: 20 ≤ PCC < 45 | F168: (PCC − 19.99) / 25 | G168: Partially compliant; service coverage improves progressively with PCC
A169: LPCD < 45 | B169: 0 | C169: Non-compliant; service coverage below minimum acceptable threshold | E169: PCC < 20 | F169: 0 | G169: Non-compliant; service coverage below minimum acceptable threshold

Sheet Water Quality Score
A1: WSUC_ID | B1: WSUC_Name | C1: Testing_Conducted | D1: E.Coli_Compliance | E1: Arsenic_Compliance | F1: Quality_Score | G1: Interpretation | H1: Testing_score | I1: E.coli_score | J1: Arsenic_score
A2: 1 | B2: Lubhu_WSUC | C2: yes | F2: =SUM(H2:J2) -> 0.2 | G2: =IF(F2=1,"Fully compliant – all sub-indicators met",IF(F2=0,"Non-compliant – critical failure","Partially compliant – some sub-indicators met")) -> Partially compliant – some sub-indicators met | H2: =IF(UPPER(C2)="YES",0.2,0) -> 0.2 | I2: =IF(UPPER(D2)="YES",0.4,0) -> 0 | J2: =IF(UPPER(E2)="YES",0.4,0) -> 0 | O2: SCORE GUIDE
A3: =A2+1 -> 2 | B3: Shivalaya_WSUC | C3: yes | D3: Yes | E3: Yes | F3: =SUM(H3:J3) -> 1 | G3: =IF(F3=1,"Fully compliant – all sub-indicators met",IF(F3=0,"Non-compliant – critical failure","Partially compliant – some sub-indicators met")) -> Fully compliant – all sub-indicators met | H3: =IF(UPPER(C3)="YES",0.2,0) -> 0.2 | I3: =IF(UPPER(D3)="YES",0.4,0) -> 0.4 | J3: =IF(UPPER(E3)="YES",0.4,0) -> 0.4 | O3: Sub-Indicator | P3: Assessment Criterion | Q3: Condition for Compliance | R3: Assigned Weight
A4: =A3+1 -> 3 | B4: Ratnanagar_WSUC | C4: yes | F4: =SUM(H4:J4) -> 0.2 | G4: =IF(F4=1,"Fully compliant – all sub-indicators met",IF(F4=0,"Non-compliant – critical failure","Partially compliant – some sub-indicators met")) -> Partially compliant – some sub-indicators met | H4: =IF(UPPER(C4)="YES",0.2,0) -> 0.2 | I4: =IF(UPPER(D4)="YES",0.4,0) -> 0 | J4: =IF(UPPER(E4)="YES",0.4,0) -> 0 | O4: 1 | P4: Water quality testing conducted | Q4: Testing conducted during assessment period | R4: 0.2
A5: =A4+1 -> 4 | B5: Nirmalpokhari_WSUC | C5: yes | D5: Yes | F5: =SUM(H5:J5) -> 0.6 | G5: =IF(F5=1,"Fully compliant – all sub-indicators met",IF(F5=0,"Non-compliant – critical failure","Partially compliant – some sub-indicators met")) -> Partially compliant – some sub-indicators met | H5: =IF(UPPER(C5)="YES",0.2,0) -> 0.2 | I5: =IF(UPPER(D5)="YES",0.4,0) -> 0.4 | J5: =IF(UPPER(E5)="YES",0.4,0) -> 0 | O5: 2 | P5: E. coli | Q5: All tested samples comply with prescribed standards | R5: 0.4
A6: =A5+1 -> 5 | B6: Bhimad_WSUC | C6: yes | F6: =SUM(H6:J6) -> 0.2 | G6: =IF(F6=1,"Fully compliant – all sub-indicators met",IF(F6=0,"Non-compliant – critical failure","Partially compliant – some sub-indicators met")) -> Partially compliant – some sub-indicators met | H6: =IF(UPPER(C6)="YES",0.2,0) -> 0.2 | I6: =IF(UPPER(D6)="YES",0.4,0) -> 0 | J6: =IF(UPPER(E6)="YES",0.4,0) -> 0 | O6: 3 | P6: Arsenic | Q6: Arsenic concentration ≤ 0.05 mg/L | R6: 0.4
A7: =A6+1 -> 6 | B7: Katunje_WSUC | C7: yes | F7: =SUM(H7:J7) -> 0.2 | G7: =IF(F7=1,"Fully compliant – all sub-indicators met",IF(F7=0,"Non-compliant – critical failure","Partially compliant – some sub-indicators met")) -> Partially compliant – some sub-indicators met | H7: =IF(UPPER(C7)="YES",0.2,0) -> 0.2 | I7: =IF(UPPER(D7)="YES",0.4,0) -> 0 | J7: =IF(UPPER(E7)="YES",0.4,0) -> 0
A8: =A7+1 -> 7 | B8: Nijgad_WSUC | C8: yes | F8: =SUM(H8:J8) -> 0.2 | G8: =IF(F8=1,"Fully compliant – all sub-indicators met",IF(F8=0,"Non-compliant – critical failure","Partially compliant – some sub-indicators met")) -> Partially compliant – some sub-indicators met | H8: =IF(UPPER(C8)="YES",0.2,0) -> 0.2 | I8: =IF(UPPER(D8)="YES",0.4,0) -> 0 | J8: =IF(UPPER(E8)="YES",0.4,0) -> 0
A9: =A8+1 -> 8 | B9: Tinthana_WSUC | C9: yes | F9: =SUM(H9:J9) -> 0.2 | G9: =IF(F9=1,"Fully compliant – all sub-indicators met",IF(F9=0,"Non-compliant – critical failure","Partially compliant – some sub-indicators met")) -> Partially compliant – some sub-indicators met | H9: =IF(UPPER(C9)="YES",0.2,0) -> 0.2 | I9: =IF(UPPER(D9)="YES",0.4,0) -> 0 | J9: =IF(UPPER(E9)="YES",0.4,0) -> 0
A10: =A9+1 -> 9 | B10: Birgunj_WSUC | C10: yes | F10: =SUM(H10:J10) -> 0.2 | G10: =IF(F10=1,"Fully compliant – all sub-indicators met",IF(F10=0,"Non-compliant – critical failure","Partially compliant – some sub-indicators met")) -> Partially compliant – some sub-indicators met | H10: =IF(UPPER(C10)="YES",0.2,0) -> 0.2 | I10: =IF(UPPER(D10)="YES",0.4,0) -> 0 | J10: =IF(UPPER(E10)="YES",0.4,0) -> 0
A11: =A10+1 -> 10 | B11: Gaur_WSUC | C11: yes | F11: =SUM(H11:J11) -> 0.2 | G11: =IF(F11=1,"Fully compliant – all sub-indicators met",IF(F11=0,"Non-compliant – critical failure","Partially compliant – some sub-indicators met")) -> Partially compliant – some sub-indicators met | H11: =IF(UPPER(C11)="YES",0.2,0) -> 0.2 | I11: =IF(UPPER(D11)="YES",0.4,0) -> 0 | J11: =IF(UPPER(E11)="YES",0.4,0) -> 0
A12: =A11+1 -> 11 | B12: Beni_WSUC | C12: yes | F12: =SUM(H12:J12) -> 0.2 | G12: =IF(F12=1,"Fully compliant – all sub-indicators met",IF(F12=0,"Non-compliant – critical failure","Partially compliant – some sub-indicators met")) -> Partially compliant – some sub-indicators met | H12: =IF(UPPER(C12)="YES",0.2,0) -> 0.2 | I12: =IF(UPPER(D12)="YES",0.4,0) -> 0 | J12: =IF(UPPER(E12)="YES",0.4,0) -> 0
A13: =A12+1 -> 12 | B13: Narayansthan_WSUC | C13: Yes | F13: =SUM(H13:J13) -> 0.2 | G13: =IF(F13=1,"Fully compliant – all sub-indicators met",IF(F13=0,"Non-compliant – critical failure","Partially compliant – some sub-indicators met")) -> Partially compliant – some sub-indicators met | H13: =IF(UPPER(C13)="YES",0.2,0) -> 0.2 | I13: =IF(UPPER(D13)="YES",0.4,0) -> 0 | J13: =IF(UPPER(E13)="YES",0.4,0) -> 0
A14: =A13+1 -> 13 | B14: Diktel_WSUC | C14: yes | F14: =SUM(H14:J14) -> 0.2 | G14: =IF(F14=1,"Fully compliant – all sub-indicators met",IF(F14=0,"Non-compliant – critical failure","Partially compliant – some sub-indicators met")) -> Partially compliant – some sub-indicators met | H14: =IF(UPPER(C14)="YES",0.2,0) -> 0.2 | I14: =IF(UPPER(D14)="YES",0.4,0) -> 0 | J14: =IF(UPPER(E14)="YES",0.4,0) -> 0
A15: =A14+1 -> 14 | B15: Parsa_WSUC | C15: yes | F15: =SUM(H15:J15) -> 0.2 | G15: =IF(F15=1,"Fully compliant – all sub-indicators met",IF(F15=0,"Non-compliant – critical failure","Partially compliant – some sub-indicators met")) -> Partially compliant – some sub-indicators met | H15: =IF(UPPER(C15)="YES",0.2,0) -> 0.2 | I15: =IF(UPPER(D15)="YES",0.4,0) -> 0 | J15: =IF(UPPER(E15)="YES",0.4,0) -> 0
A16: =A15+1 -> 15 | B16: Saradanagar_WSUC | C16: yes | F16: =SUM(H16:J16) -> 0.2 | G16: =IF(F16=1,"Fully compliant – all sub-indicators met",IF(F16=0,"Non-compliant – critical failure","Partially compliant – some sub-indicators met")) -> Partially compliant – some sub-indicators met | H16: =IF(UPPER(C16)="YES",0.2,0) -> 0.2 | I16: =IF(UPPER(D16)="YES",0.4,0) -> 0 | J16: =IF(UPPER(E16)="YES",0.4,0) -> 0
A17: =A16+1 -> 16 | B17: Gunjanagar_WSUC | C17: yes | F17: =SUM(H17:J17) -> 0.2 | G17: =IF(F17=1,"Fully compliant – all sub-indicators met",IF(F17=0,"Non-compliant – critical failure","Partially compliant – some sub-indicators met")) -> Partially compliant – some sub-indicators met | H17: =IF(UPPER(C17)="YES",0.2,0) -> 0.2 | I17: =IF(UPPER(D17)="YES",0.4,0) -> 0 | J17: =IF(UPPER(E17)="YES",0.4,0) -> 0
A18: =A17+1 -> 17 | B18: Meghauli_WSUC | C18: yes | F18: =SUM(H18:J18) -> 0.2 | G18: =IF(F18=1,"Fully compliant – all sub-indicators met",IF(F18=0,"Non-compliant – critical failure","Partially compliant – some sub-indicators met")) -> Partially compliant – some sub-indicators met | H18: =IF(UPPER(C18)="YES",0.2,0) -> 0.2 | I18: =IF(UPPER(D18)="YES",0.4,0) -> 0 | J18: =IF(UPPER(E18)="YES",0.4,0) -> 0
... A35: =A34+1 -> 34 | B35: Ghorahi_WSUC | C35: yes | F35: =SUM(H35:J35) -> 0.2 | G35: =IF(F35=1,"Fully compliant – all sub-indicators met",IF(F35=0,"Non-compliant – critical failure","Partially compliant – some sub-indicators met")) -> Partially compliant – some sub-indicators met | H35: =IF(UPPER(C35)="YES",0.2,0) -> 0.2 | I35: =IF(UPPER(D35)="YES",0.4,0) -> 0 | J35: =IF(UPPER(E35)="YES",0.4,0) -> 0
A36: =A35+1 -> 35 | B36: Yasok Sukkha Area Tamor Pumping_WSUC | C36: Yes | D36: YES | E36: YES | F36: =SUM(H36:J36) -> 1 | G36: =IF(F36=1,"Fully compliant – all sub-indicators met",IF(F36=0,"Non-compliant – critical failure","Partially compliant – some sub-indicators met")) -> Fully compliant – all sub-indicators met | H36: =IF(UPPER(C36)="YES",0.2,0) -> 0.2 | I36: =IF(UPPER(D36)="YES",0.4,0) -> 0.4 | J36: =IF(UPPER(E36)="YES",0.4,0) -> 0.4
A37: =A36+1 -> 36 | B37: Phidim_WSUC | C37: Yes | D37: Yes | E37: Yes | F37: =SUM(H37:J37) -> 1 | G37: =IF(F37=1,"Fully compliant – all sub-indicators met",IF(F37=0,"Non-compliant – critical failure","Partially compliant – some sub-indicators met")) -> Fully compliant – all sub-indicators met | H37: =IF(UPPER(C37)="YES",0.2,0) -> 0.2 | I37: =IF(UPPER(D37)="YES",0.4,0) -> 0.4 | J37: =IF(UPPER(E37)="YES",0.4,0) -> 0.4
A38: =A37+1 -> 37 | B38: Taplejung_WSUC | C38: Yes | D38: Yes | E38: Yes | F38: =SUM(H38:J38) -> 1 | G38: =IF(F38=1,"Fully compliant – all sub-indicators met",IF(F38=0,"Non-compliant – critical failure","Partially compliant – some sub-indicators met")) -> Fully compliant – all sub-indicators met | H38: =IF(UPPER(C38)="YES",0.2,0) -> 0.2 | I38: =IF(UPPER(D38)="YES",0.4,0) -> 0.4 | J38: =IF(UPPER(E38)="YES",0.4,0) -> 0.4
A39: =A38+1 -> 38 | B39: Ilam Bazaar Urban_WSUC | C39: Yes | D39: Yes | E39: Yes | F39: =SUM(H39:J39) -> 1 | G39: =IF(F39=1,"Fully compliant – all sub-indicators met",IF(F39=0,"Non-compliant – critical failure","Partially compliant – some sub-indicators met")) -> Fully compliant – all sub-indicators met | H39: =IF(UPPER(C39)="YES",0.2,0) -> 0.2 | I39: =IF(UPPER(D39)="YES",0.4,0) -> 0.4 | J39: =IF(UPPER(E39)="YES",0.4,0) -> 0.4
A40: =A39+1 -> 39 | B40: Dhankuta_WSUC | C40: Yes | D40: Yes | E40: Yes | F40: =SUM(H40:J40) -> 1 | G40: =IF(F40=1,"Fully compliant – all sub-indicators met",IF(F40=0,"Non-compliant – critical failure","Partially compliant – some sub-indicators met")) -> Fully compliant – all sub-indicators met | H40: =IF(UPPER(C40)="YES",0.2,0) -> 0.2 | I40: =IF(UPPER(D40)="YES",0.4,0) -> 0.4 | J40: =IF(UPPER(E40)="YES",0.4,0) -> 0.4
A41: =A40+1 -> 40 | B41: Khandbari_WSUC | C41: Yes | D41: Yes | E41: Yes | F41: =SUM(H41:J41) -> 1 | G41: =IF(F41=1,"Fully compliant – all sub-indicators met",IF(F41=0,"Non-compliant – critical failure","Partially compliant – some sub-indicators met")) -> Fully compliant – all sub-indicators met | H41: =IF(UPPER(C41)="YES",0.2,0) -> 0.2 | I41: =IF(UPPER(D41)="YES",0.4,0) -> 0.4 | J41: =IF(UPPER(E41)="YES",0.4,0) -> 0.4
A42: =A41+1 -> 41 | B42: Halesi Area Khotang Large Pumping | C42: No | D42: No | E42: No | F42: =SUM(H42:J42) -> 0 | G42: =IF(F42=1,"Fully compliant – all sub-indicators met",IF(F42=0,"Non-compliant – critical failure","Partially compliant – some sub-indicators met")) -> Non-compliant – critical failure | H42: =IF(UPPER(C42)="YES",0.2,0) -> 0 | I42: =IF(UPPER(D42)="YES",0.4,0) -> 0 | J42: =IF(UPPER(E42)="YES",0.4,0) -> 0
A43: =A42+1 -> 42 | B43: Kakarvitta_WSUC | C43: Yes | D43: No | E43: No | F43: =SUM(H43:J43) -> 0.2 | G43: =IF(F43=1,"Fully compliant – all sub-indicators met",IF(F43=0,"Non-compliant – critical failure","Partially compliant – some sub-indicators met")) -> Partially compliant – some sub-indicators met | H43: =IF(UPPER(C43)="YES",0.2,0) -> 0.2 | I43: =IF(UPPER(D43)="YES",0.4,0) -> 0 | J43: =IF(UPPER(E43)="YES",0.4,0) -> 0
A44: =A43+1 -> 43 | B44: Khalanga_WSUC | C44: Yes | D44: Yes | E44: Yes | F44: =SUM(H44:J44) -> 1 | G44: =IF(F44=1,"Fully compliant – all sub-indicators met",IF(F44=0,"Non-compliant – critical failure","Partially compliant – some sub-indicators met")) -> Fully compliant – all sub-indicators met | H44: =IF(UPPER(C44)="YES",0.2,0) -> 0.2 | I44: =IF(UPPER(D44)="YES",0.4,0) -> 0.4 | J44: =IF(UPPER(E44)="YES",0.4,0) -> 0.4
A45: =A44+1 -> 44 | B45: Nala_WSUC | C45: No | D45: Yes | E45: Yes | F45: =SUM(H45:J45) -> 0.8 | G45: =IF(F45=1,"Fully compliant – all sub-indicators met",IF(F45=0,"Non-compliant – critical failure","Partially compliant – some sub-indicators met")) -> Partially compliant – some sub-indicators met | H45: =IF(UPPER(C45)="YES",0.2,0) -> 0 | I45: =IF(UPPER(D45)="YES",0.4,0) -> 0.4 | J45: =IF(UPPER(E45)="YES",0.4,0) -> 0.4
A46: =A45+1 -> 45 | B46: Dukuchhap_WSUC | C46: Yes | D46: Yes | E46: Yes | F46: =SUM(H46:J46) -> 1 | G46: =IF(F46=1,"Fully compliant – all sub-indicators met",IF(F46=0,"Non-compliant – critical failure","Partially compliant – some sub-indicators met")) -> Fully compliant – all sub-indicators met | H46: =IF(UPPER(C46)="YES",0.2,0) -> 0.2 | I46: =IF(UPPER(D46)="YES",0.4,0) -> 0.4 | J46: =IF(UPPER(E46)="YES",0.4,0) -> 0.4
A47: =A46+1 -> 46 | B47: Kalitar_WSUC | C47: Yes | D47: Yes | E47: Yes | F47: =SUM(H47:J47) -> 1 | G47: =IF(F47=1,"Fully compliant – all sub-indicators met",IF(F47=0,"Non-compliant – critical failure","Partially compliant – some sub-indicators met")) -> Fully compliant – all sub-indicators met | H47: =IF(UPPER(C47)="YES",0.2,0) -> 0.2 | I47: =IF(UPPER(D47)="YES",0.4,0) -> 0.4 | J47: =IF(UPPER(E47)="YES",0.4,0) -> 0.4
... A49: =A48+1 -> 48 | B49: Lekhnath_WSUC | C49: Yes | D49: Yes | E49: Yes | F49: =SUM(H49:J49) -> 1 | G49: =IF(F49=1,"Fully compliant – all sub-indicators met",IF(F49=0,"Non-compliant – critical failure","Partially compliant – some sub-indicators met")) -> Fully compliant – all sub-indicators met | H49: =IF(UPPER(C49)="YES",0.2,0) -> 0.2 | I49: =IF(UPPER(D49)="YES",0.4,0) -> 0.4 | J49: =IF(UPPER(E49)="YES",0.4,0) -> 0.4
A50: =A49+1 -> 49 | B50: =Spatial!B50 -> Waling_WSUC | C50: Yes | D50: Yes | E50: Yes | F50: =SUM(H50:J50) -> 1 | G50: =IF(F50=1,"Fully compliant – all sub-indicators met",IF(F50=0,"Non-compliant – critical failure","Partially compliant – some sub-indicators met")) -> Fully compliant – all sub-indicators met | H50: =IF(UPPER(C50)="YES",0.2,0) -> 0.2 | I50: =IF(UPPER(D50)="YES",0.4,0) -> 0.4 | J50: =IF(UPPER(E50)="YES",0.4,0) -> 0.4
